Country,Code,Year,Share of the richest decile in total income or expenditure
Albania,ALB,1996,21.21557313
Albania,ALB,2002,25.43563695
Albania,ALB,2005,24.3411681
Albania,ALB,2008,24.4583109
Albania,ALB,2012,22.93433964
Albania,ALB,2014,25.5443224
Albania,ALB,2015,24.77930791
Albania,ALB,2016,25.04955458
Albania,ALB,2017,24.61243013
Albania,ALB,2018,22.74231233
Albania,ALB,2019,23.75788003
Algeria,DZA,1988,32.81236515
Algeria,DZA,1995,26.88858566
Algeria,DZA,2011,22.86235803
Angola,AGO,2000,40.24551558
Angola,AGO,2008,32.3117339
Angola,AGO,2018,39.62442597
Argentina - urban,,1980,30.17537072
Argentina - urban,,1986,32.20808276
Argentina - urban,,1987,34.2518897
Argentina - urban,,1991,36.60929129
Argentina - urban,,1992,34.28712165
Argentina - urban,,1993,33.2013892
Argentina - urban,,1994,34.44659696
Argentina - urban,,1995,36.97560343
Argentina - urban,,1996,36.88060654
Argentina - urban,,1997,36.37426934
Argentina - urban,,1998,38.05133958
Argentina - urban,,1999,37.04826959
Argentina - urban,,2000,37.70048652
Argentina - urban,,2001,39.47738588
Argentina - urban,,2002,40.50619021
Argentina - urban,,2003,37.68532395
Argentina - urban,,2004,35.2359936
Argentina - urban,,2005,34.89429285
Argentina - urban,,2006,33.73475466
Argentina - urban,,2007,33.67226342
Argentina - urban,,2008,32.4076002
Argentina - urban,,2009,31.24950316
Argentina - urban,,2010,31.70011079
Argentina - urban,,2011,30.95709935
Argentina - urban,,2012,29.68324251
Argentina - urban,,2013,29.37188849
Argentina - urban,,2014,29.92117818
Argentina - urban,,2016,30.41932492
Argentina - urban,,2017,29.70441964
Argentina - urban,,2018,29.83020878
Argentina - urban,,2019,31.01456863
Argentina - urban,,2020,30.30282523
Armenia,ARM,1996,35.22151334
Armenia,ARM,1999,29.62717127
Armenia,ARM,2001,29.0967396
Armenia,ARM,2002,28.99934488
Armenia,ARM,2003,28.19694775
Armenia,ARM,2004,31.68836838
Armenia,ARM,2005,30.77605822
Armenia,ARM,2006,24.45401246
Armenia,ARM,2007,25.12137998
Armenia,ARM,2008,23.69014965
Armenia,ARM,2009,22.91877485
Armenia,ARM,2010,25.03390048
Armenia,ARM,2011,23.96658047
Armenia,ARM,2012,24.54022156
Armenia,ARM,2013,24.6854642
Armenia,ARM,2014,25.74396952
Armenia,ARM,2015,26.73505642
Armenia,ARM,2016,25.28166085
Armenia,ARM,2017,28.36886474
Armenia,ARM,2018,29.19937859
Armenia,ARM,2019,25.09367784
Armenia,ARM,2020,21.47339633
Australia,AUS,1981,23.30163624
Australia,AUS,1985,24.28965666
Australia,AUS,1989,24.66685465
Australia,AUS,1995,24.601701
Australia,AUS,2001,25.06563007
Australia,AUS,2003,25.0828897
Australia,AUS,2004,25.31601672
Australia,AUS,2008,27.41556767
Australia,AUS,2010,26.45799459
Australia,AUS,2014,26.98347051
Australia,AUS,2016,25.80829233
Australia,AUS,2018,26.61339078
Austria,AUT,1987,19.28832075
Austria,AUT,1994,24.5904133
Austria,AUT,1995,22.40929673
Austria,AUT,1997,23.4422522
Austria,AUT,2000,22.71387978
Austria,AUT,2003,23.46903271
Austria,AUT,2004,23.84290911
Austria,AUT,2005,22.84990511
Austria,AUT,2006,23.711891
Austria,AUT,2007,23.84866421
Austria,AUT,2008,24.10980113
Austria,AUT,2009,24.68330816
Austria,AUT,2010,23.56797794
Austria,AUT,2011,23.6869972
Austria,AUT,2012,23.44865883
Austria,AUT,2013,24.27598451
Austria,AUT,2014,24.06755689
Austria,AUT,2015,23.84265552
Austria,AUT,2016,23.84869402
Austria,AUT,2017,22.99201356
Austria,AUT,2018,23.91724204
Austria,AUT,2019,23.21370513
Azerbaijan,AZE,1995,26.77216719
Azerbaijan,AZE,2001,29.50724853
Azerbaijan,AZE,2002,23.18553406
Azerbaijan,AZE,2003,23.58696289
Azerbaijan,AZE,2004,24.35157531
Azerbaijan,AZE,2005,24.18411233
Bangladesh,BGD,1983,21.86562999
Bangladesh,BGD,1988,24.58222991
Bangladesh,BGD,1991,23.2878692
Bangladesh,BGD,1995,28.08297238
Bangladesh,BGD,2000,27.86374163
Bangladesh,BGD,2005,27.99544777
Bangladesh,BGD,2010,26.9253562
Bangladesh,BGD,2016,26.83507218
Belarus,BLR,1993,19.40481376
Belarus,BLR,1995,22.54968054
Belarus,BLR,1998,24.91442457
Belarus,BLR,1999,24.03558477
Belarus,BLR,2000,24.04126751
Belarus,BLR,2001,23.99433133
Belarus,BLR,2002,24.02110195
Belarus,BLR,2003,22.63499886
Belarus,BLR,2004,21.35055994
Belarus,BLR,2005,21.80237616
Belarus,BLR,2006,22.40242334
Belarus,BLR,2007,23.57022248
Belarus,BLR,2008,22.33080382
Belarus,BLR,2009,22.57626625
Belarus,BLR,2010,22.8535863
Belarus,BLR,2011,21.85466944
Belarus,BLR,2012,21.79687064
Belarus,BLR,2013,22.05884112
Belarus,BLR,2014,22.56509809
Belarus,BLR,2015,21.21172714
Belarus,BLR,2016,21.26921394
Belarus,BLR,2017,21.27941326
Belarus,BLR,2018,21.39826554
Belarus,BLR,2019,21.32320582
Belarus,BLR,2020,20.72852037
Belgium,BEL,1985,20.64184007
Belgium,BEL,1988,21.07165782
Belgium,BEL,1992,20.13567057
Belgium,BEL,1995,22.84579761
Belgium,BEL,1997,21.56831807
Belgium,BEL,2000,28.31398604
Belgium,BEL,2003,22.24552603
Belgium,BEL,2004,25.11692331
Belgium,BEL,2005,23.87669348
Belgium,BEL,2006,22.40986585
Belgium,BEL,2007,23.54219049
Belgium,BEL,2008,22.72453969
Belgium,BEL,2009,22.70916252
Belgium,BEL,2010,22.74228878
Belgium,BEL,2011,22.35160749
Belgium,BEL,2012,21.93682914
Belgium,BEL,2013,21.82653105
Belgium,BEL,2014,22.41917749
Belgium,BEL,2015,22.22709613
Belgium,BEL,2016,22.15737265
Belgium,BEL,2017,21.94677627
Belgium,BEL,2018,22.24361822
Belgium,BEL,2019,22.31832974
Belize,BLZ,1993,51.14041188
Belize,BLZ,1994,52.51856382
Belize,BLZ,1995,44.12202909
Belize,BLZ,1996,46.54638955
Belize,BLZ,1997,50.30584212
Belize,BLZ,1998,43.70889215
Belize,BLZ,1999,42.43645336
Benin,BEN,2003,31.11584258
Benin,BEN,2011,34.47828985
Benin,BEN,2015,37.62400758
Benin,BEN,2018,29.87756721
Bhutan,BTN,2003,32.21764764
Bhutan,BTN,2007,29.36851312
Bhutan,BTN,2012,30.73817953
Bhutan,BTN,2017,27.93155408
Bolivia,BOL,1997,45.36248761
Bolivia,BOL,1999,42.60368144
Bolivia,BOL,2000,47.84049076
Bolivia,BOL,2001,44.15981085
Bolivia,BOL,2002,46.61495094
Bolivia,BOL,2004,43.91631173
Bolivia,BOL,2005,45.26919552
Bolivia,BOL,2006,43.5610565
Bolivia,BOL,2007,41.85604984
Bolivia,BOL,2008,38.54018488
Bolivia,BOL,2009,36.91911804
Bolivia,BOL,2011,33.68712902
Bolivia,BOL,2012,33.67144631
Bolivia,BOL,2013,35.2243725
Bolivia,BOL,2014,36.04517805
Bolivia,BOL,2015,34.79842603
Bolivia,BOL,2016,32.42976317
Bolivia,BOL,2017,32.0047253
Bolivia,BOL,2018,30.58844643
Bolivia,BOL,2019,30.84800091
Bolivia,BOL,2020,32.57501343
Bolivia - urban,,1990,31.74087018
Bolivia - urban,,1992,39.17012321
Bosnia and Herzegovina,BIH,2001,24.82351299
Bosnia and Herzegovina,BIH,2004,26.35670663
Bosnia and Herzegovina,BIH,2007,25.11303162
Bosnia and Herzegovina,BIH,2011,25.14310239
Botswana,BWA,1985,42.93086847
Botswana,BWA,1993,51.20005808
Botswana,BWA,2002,53.08274553
Botswana,BWA,2009,49.61344802
Botswana,BWA,2015,41.47603335
Brazil,BRA,1981,45.88057952
Brazil,BRA,1982,46.23349328
Brazil,BRA,1983,46.79312159
Brazil,BRA,1984,46.53019173
Brazil,BRA,1985,42.54930146
Brazil,BRA,1986,46.56882029
Brazil,BRA,1987,47.38407454
Brazil,BRA,1988,49.19049326
Brazil,BRA,1989,51.14934588
Brazil,BRA,1990,48.07811422
Brazil,BRA,1992,39.68669814
Brazil,BRA,1993,48.45445096
Brazil,BRA,1995,47.54386478
Brazil,BRA,1996,47.3513538
Brazil,BRA,1997,47.39163613
Brazil,BRA,1998,47.59190964
Brazil,BRA,1999,47.00050782
Brazil,BRA,2001,46.09611016
Brazil,BRA,2002,46.13413065
Brazil,BRA,2003,45.41353421
Brazil,BRA,2004,44.53827407
Brazil,BRA,2005,44.6348619
Brazil,BRA,2006,44.05685781
Brazil,BRA,2007,43.19421571
Brazil,BRA,2008,42.49895192
Brazil,BRA,2009,42.1839808
Brazil,BRA,2011,41.71086922
Brazil,BRA,2012,42.38646095
Brazil,BRA,2013,41.73824183
Brazil,BRA,2014,41.04911407
Brazil,BRA,2015,40.85494826
Brazil,BRA,2016,42.02827438
Brazil,BRA,2017,41.98302717
Brazil,BRA,2018,42.45251968
Brazil,BRA,2019,41.92336596
Brazil,BRA,2020,39.44602162
Bulgaria,BGR,1989,20.02824913
Bulgaria,BGR,1992,24.74236238
Bulgaria,BGR,1994,20.99201997
Bulgaria,BGR,1995,26.35993604
Bulgaria,BGR,1997,22.76896962
Bulgaria,BGR,2001,24.92648147
Bulgaria,BGR,2003,23.63102442
Bulgaria,BGR,2006,26.55836731
Bulgaria,BGR,2007,22.15735179
Bulgaria,BGR,2008,25.67335254
Bulgaria,BGR,2009,25.68849182
Bulgaria,BGR,2010,26.90783052
Bulgaria,BGR,2011,26.03113801
Bulgaria,BGR,2012,27.38168966
Bulgaria,BGR,2013,27.57912435
Bulgaria,BGR,2014,28.80331581
Bulgaria,BGR,2015,28.73620053
Bulgaria,BGR,2016,31.43963824
Bulgaria,BGR,2017,31.88040592
Bulgaria,BGR,2018,32.61934793
Bulgaria,BGR,2019,31.40421368
Burkina Faso,BFA,1994,39.4689136
Burkina Faso,BFA,1998,42.74456248
Burkina Faso,BFA,2003,33.77974729
Burkina Faso,BFA,2009,32.04796096
Burkina Faso,BFA,2014,29.60129839
Burkina Faso,BFA,2018,37.5236788
Burundi,BDI,1992,26.58476054
Burundi,BDI,1998,32.70388158
Burundi,BDI,2006,27.96994191
Burundi,BDI,2013,31.02453208
Cameroon,CMR,1996,36.15324547
Cameroon,CMR,2001,33.64551356
Cameroon,CMR,2007,33.03795428
Cameroon,CMR,2014,35.04315275
Canada,CAN,1971,26.99490866
Canada,CAN,1975,24.63702359
Canada,CAN,1981,24.26742889
Canada,CAN,1987,23.84489379
Canada,CAN,1991,23.60106155
Canada,CAN,1994,23.61736872
Canada,CAN,1997,23.82320412
Canada,CAN,1998,25.30985531
Canada,CAN,2000,25.52432952
Canada,CAN,2004,25.57085496
Canada,CAN,2007,26.01467095
Canada,CAN,2010,25.73192666
Canada,CAN,2012,25.16616422
Canada,CAN,2013,25.11784246
Canada,CAN,2014,25.15266713
Canada,CAN,2015,25.47064128
Canada,CAN,2016,24.9651568
Canada,CAN,2017,25.31758311
Cape Verde,CPV,2001,42.63956881
Cape Verde,CPV,2007,37.14029911
Cape Verde,CPV,2015,32.30222161
Central African Republic,CAF,1992,47.73327467
Central African Republic,CAF,2008,46.21854362
Chad,TCD,2003,30.71005215
Chad,TCD,2011,32.43533581
Chad,TCD,2018,29.70175184
Chile,CHL,1987,45.39136898
Chile,CHL,1990,47.0505118
Chile,CHL,1992,45.19586476
Chile,CHL,1994,45.90671
Chile,CHL,1996,44.4273982
Chile,CHL,1998,44.97181069
Chile,CHL,2000,42.58189156
Chile,CHL,2003,41.35426186
Chile,CHL,2006,37.89333988
Chile,CHL,2009,38.21948783
Chile,CHL,2011,37.29306711
Chile,CHL,2013,37.37352455
Chile,CHL,2015,36.05857098
Chile,CHL,2017,36.3419035
Chile,CHL,2020,35.79744685
China,CHN,1981,21.73496971
China,CHN,1984,21.30304005
China,CHN,1987,22.43456527
China,CHN,1990,25.79524155
China,CHN,1993,26.62299082
China,CHN,1996,27.29834544
China,CHN,1999,29.38699711
China,CHN,2002,31.43083138
China,CHN,2005,30.8615603
China,CHN,2008,31.96597316
China,CHN,2010,32.63252941
China,CHN,2011,31.81848402
China,CHN,2012,31.54291419
China,CHN,2013,30.28172051
China,CHN,2014,29.69338778
China,CHN,2015,29.41269842
China,CHN,2016,29.35065033
China,CHN,2017,29.86473498
China,CHN,2018,29.4341079
China,CHN,2019,29.49635118
China - rural,,1981,20.51910897
China - rural,,1984,22.13233519
China - rural,,1987,23.54280962
China - rural,,1990,26.04964635
China - rural,,1993,27.84329396
China - rural,,1996,27.57246444
China - rural,,1999,28.86995722
China - rural,,2002,30.8499156
China - rural,,2005,28.71254913
China - rural,,2008,31.48128027
China - rural,,2010,32.7884317
China - rural,,2011,30.76360449
China - rural,,2012,31.45990271
China - rural,,2013,27.00304157
China - rural,,2014,26.72751277
China - rural,,2015,26.43529266
China - rural,,2016,26.38983773
China - rural,,2017,27.3673315
China - rural,,2018,26.77589554
China - rural,,2019,26.44174433
China - urban,,1981,17.18140967
China - urban,,1984,16.9857886
China - urban,,1987,18.09704743
China - urban,,1990,21.06897055
China - urban,,1993,23.17744692
China - urban,,1996,23.49144523
China - urban,,1999,24.88351176
China - urban,,2002,26.38934693
China - urban,,2005,27.33671231
China - urban,,2008,27.92072808
China - urban,,2010,28.40582966
China - urban,,2011,28.33427957
China - urban,,2012,28.01667246
China - urban,,2013,28.388321
China - urban,,2014,27.90192792
China - urban,,2015,27.85798163
China - urban,,2016,27.80210641
China - urban,,2017,28.33927359
China - urban,,2018,28.1269869
China - urban,,2019,28.46696608
Colombia,COL,1992,40.4583569
Colombia,COL,1996,45.63734616
Colombia,COL,1999,46.90258743
Colombia,COL,2000,47.00824128
Colombia,COL,2001,46.32220851
Colombia,COL,2002,45.18826934
Colombia,COL,2003,42.78068424
Colombia,COL,2004,44.52738101
Colombia,COL,2005,43.19103379
Colombia,COL,2008,43.69644071
Colombia,COL,2009,42.91420794
Colombia,COL,2010,43.41359743
Colombia,COL,2011,42.35840835
Colombia,COL,2012,41.28301127
Colombia,COL,2013,41.36878414
Colombia,COL,2014,41.36827408
Colombia,COL,2015,39.9430277
Colombia,COL,2016,39.78618556
Colombia,COL,2017,38.98341185
Colombia,COL,2018,39.66259568
Colombia,COL,2019,40.31312538
Colombia,COL,2020,42.15697557
Colombia - urban,,1980,47.44688149
Colombia - urban,,1988,41.20633704
Colombia - urban,,1989,42.31239673
Colombia - urban,,1991,39.49405134
Comoros,COM,2004,48.09803699
Comoros,COM,2014,33.66674908
Congo,COG,2005,36.85238499
Congo,COG,2011,37.92931734
Costa Rica,CRI,1981,33.73238049
Costa Rica,CRI,1986,23.05358663
Costa Rica,CRI,1989,33.25066081
Costa Rica,CRI,1990,33.00320911
Costa Rica,CRI,1991,34.29706835
Costa Rica,CRI,1992,33.73518665
Costa Rica,CRI,1993,33.7066672
Costa Rica,CRI,1994,35.25282091
Costa Rica,CRI,1995,33.76418926
Costa Rica,CRI,1996,34.30032868
Costa Rica,CRI,1997,33.84728185
Costa Rica,CRI,1998,34.01960554
Costa Rica,CRI,1999,35.87721068
Costa Rica,CRI,2000,35.67903091
Costa Rica,CRI,2001,39.69909886
Costa Rica,CRI,2002,40.43355204
Costa Rica,CRI,2003,36.99922715
Costa Rica,CRI,2004,36.57669831
Costa Rica,CRI,2005,35.88492671
Costa Rica,CRI,2006,38.27769134
Costa Rica,CRI,2007,38.90459166
Costa Rica,CRI,2008,37.66206094
Costa Rica,CRI,2009,39.4303492
Costa Rica,CRI,2010,36.77480038
Costa Rica,CRI,2011,36.91376018
Costa Rica,CRI,2012,36.61206732
Costa Rica,CRI,2013,36.9657529
Costa Rica,CRI,2014,36.92475453
Costa Rica,CRI,2015,36.80413578
Costa Rica,CRI,2016,37.27723262
Costa Rica,CRI,2017,36.96249291
Costa Rica,CRI,2018,36.34806564
Costa Rica,CRI,2019,36.65763581
Costa Rica,CRI,2020,36.98987851
Cote d'Ivoire,CIV,1985,35.60782737
Cote d'Ivoire,CIV,1986,29.53429956
Cote d'Ivoire,CIV,1987,32.03331022
Cote d'Ivoire,CIV,1988,28.33284166
Cote d'Ivoire,CIV,1992,29.51725565
Cote d'Ivoire,CIV,1995,32.78381856
Cote d'Ivoire,CIV,1998,30.08094026
Cote d'Ivoire,CIV,2002,32.71213417
Cote d'Ivoire,CIV,2008,32.64326659
Cote d'Ivoire,CIV,2015,31.93143421
Cote d'Ivoire,CIV,2018,28.99618537
Croatia,HRV,1998,22.48067582
Croatia,HRV,1999,22.84109367
Croatia,HRV,2000,25.05818245
Croatia,HRV,2001,24.58605066
Croatia,HRV,2004,23.59093353
Croatia,HRV,2008,27.87738465
Croatia,HRV,2009,26.73993095
Croatia,HRV,2010,22.49222175
Croatia,HRV,2011,23.72699378
Croatia,HRV,2012,23.86571015
Croatia,HRV,2013,23.70085805
Croatia,HRV,2014,23.97025097
Croatia,HRV,2015,23.23242373
Croatia,HRV,2016,23.20623102
Croatia,HRV,2017,22.8506888
Croatia,HRV,2018,22.72488437
Croatia,HRV,2019,22.23529989
Cyprus,CYP,2004,24.29068693
Cyprus,CYP,2005,24.86584006
Cyprus,CYP,2006,26.02703326
Cyprus,CYP,2007,25.46617938
Cyprus,CYP,2008,26.20807019
Cyprus,CYP,2009,26.18504796
Cyprus,CYP,2010,25.69694932
Cyprus,CYP,2011,26.69864649
Cyprus,CYP,2012,28.04389909
Cyprus,CYP,2013,30.87124615
Cyprus,CYP,2014,28.82984192
Cyprus,CYP,2015,27.45687637
Cyprus,CYP,2016,26.81229638
Cyprus,CYP,2017,25.48354412
Cyprus,CYP,2018,27.18368039
Cyprus,CYP,2019,25.48900503
Czechia,CZE,1992,19.57751442
Czechia,CZE,1993,23.63183219
Czechia,CZE,1996,22.13857611
Czechia,CZE,2002,22.54428079
Czechia,CZE,2004,23.10654472
Czechia,CZE,2005,22.93940884
Czechia,CZE,2006,22.62029158
Czechia,CZE,2007,22.32055545
Czechia,CZE,2008,22.88448947
Czechia,CZE,2009,22.36771427
Czechia,CZE,2010,22.44896853
Czechia,CZE,2011,22.23894703
Czechia,CZE,2012,22.16931507
Czechia,CZE,2013,22.59282069
Czechia,CZE,2014,22.14519936
Czechia,CZE,2015,22.1298757
Czechia,CZE,2016,21.93964934
Czechia,CZE,2017,21.45550682
Czechia,CZE,2018,21.51091414
Czechia,CZE,2019,21.4917253
Democratic Republic of Congo,COD,2004,32.3958565
Democratic Republic of Congo,COD,2012,31.99392234
Denmark,DNK,1987,21.61107948
Denmark,DNK,1992,20.51795693
Denmark,DNK,1995,19.80455623
Denmark,DNK,2000,20.14654696
Denmark,DNK,2003,21.38372769
Denmark,DNK,2004,20.65321461
Denmark,DNK,2005,20.96280122
Denmark,DNK,2006,21.75876706
Denmark,DNK,2007,22.10770802
Denmark,DNK,2008,21.0430054
Denmark,DNK,2009,21.77958432
Denmark,DNK,2010,22.53283266
Denmark,DNK,2011,22.71312497
Denmark,DNK,2012,23.13577231
Denmark,DNK,2013,23.6878071
Denmark,DNK,2014,23.56351371
Denmark,DNK,2015,23.83117073
Denmark,DNK,2016,23.6725464
Denmark,DNK,2017,24.04075071
Denmark,DNK,2018,23.5073617
Denmark,DNK,2019,23.51792245
Djibouti,DJI,2002,30.77415015
Djibouti,DJI,2012,34.38605069
Djibouti,DJI,2013,34.0986045
Djibouti,DJI,2017,32.30983302
Dominican Republic,DOM,1986,36.1051525
Dominican Republic,DOM,1989,39.81056522
Dominican Republic,DOM,1992,41.94765979
Dominican Republic,DOM,1996,36.49953356
Dominican Republic,DOM,1997,37.86303949
Dominican Republic,DOM,2000,40.22406075
Dominican Republic,DOM,2001,39.20510025
Dominican Republic,DOM,2002,38.33244839
Dominican Republic,DOM,2003,41.74822025
Dominican Republic,DOM,2004,41.70463255
Dominican Republic,DOM,2005,38.95179735
Dominican Republic,DOM,2006,41.19467115
Dominican Republic,DOM,2007,38.60413045
Dominican Republic,DOM,2008,37.79206274
Dominican Republic,DOM,2009,38.71963868
Dominican Republic,DOM,2010,36.54360932
Dominican Republic,DOM,2011,37.49654396
Dominican Republic,DOM,2012,36.04954209
Dominican Republic,DOM,2013,37.9217275
Dominican Republic,DOM,2014,33.37900418
Dominican Republic,DOM,2015,34.85187107
Dominican Republic,DOM,2016,35.3637726
Dominican Republic,DOM,2017,33.50158007
Dominican Republic,DOM,2018,35.15348111
Dominican Republic,DOM,2019,33.10777501
Dominican Republic,DOM,2020,30.45242149
Ecuador,ECU,1994,42.46872948
Ecuador,ECU,1999,47.8509113
Ecuador,ECU,2000,45.91534297
Ecuador,ECU,2003,42.01947018
Ecuador,ECU,2004,42.43241057
Ecuador,ECU,2005,41.14371203
Ecuador,ECU,2006,41.1189518
Ecuador,ECU,2007,42.02268115
Ecuador,ECU,2008,38.11322654
Ecuador,ECU,2009,37.11332262
Ecuador,ECU,2010,37.53977107
Ecuador,ECU,2011,34.11788146
Ecuador,ECU,2012,34.61666579
Ecuador,ECU,2013,35.68076006
Ecuador,ECU,2014,34.3986126
Ecuador,ECU,2015,34.90309782
Ecuador,ECU,2016,34.26764791
Ecuador,ECU,2017,33.8040947
Ecuador,ECU,2018,34.41619316
Ecuador,ECU,2019,34.48763692
Ecuador,ECU,2020,36.04785139
Ecuador - urban,,1987,38.44244739
Ecuador - urban,,1995,40.02924036
Ecuador - urban,,1998,37.85985953
Egypt,EGY,1990,26.73210285
Egypt,EGY,1995,26.0440591
Egypt,EGY,1999,28.34170431
Egypt,EGY,2004,27.43802
Egypt,EGY,2008,26.99343465
Egypt,EGY,2010,26.07511159
Egypt,EGY,2012,24.74718009
Egypt,EGY,2015,27.78239469
Egypt,EGY,2017,26.91669952
El Salvador,SLV,1991,41.3855839
El Salvador,SLV,1995,38.81009827
El Salvador,SLV,1996,39.35521491
El Salvador,SLV,1998,40.52918178
El Salvador,SLV,1999,38.64789406
El Salvador,SLV,2000,38.97702617
El Salvador,SLV,2001,38.60446466
El Salvador,SLV,2002,38.83234545
El Salvador,SLV,2003,37.26456487
El Salvador,SLV,2004,35.63806329
El Salvador,SLV,2005,36.78020541
El Salvador,SLV,2006,35.56170053
El Salvador,SLV,2007,35.71319952
El Salvador,SLV,2008,36.12237598
El Salvador,SLV,2009,35.97668029
El Salvador,SLV,2010,33.23034853
El Salvador,SLV,2011,32.75364928
El Salvador,SLV,2012,32.58991644
El Salvador,SLV,2013,34.2351925
El Salvador,SLV,2014,32.15091829
El Salvador,SLV,2015,31.82663851
El Salvador,SLV,2016,30.65293401
El Salvador,SLV,2017,29.14263683
El Salvador,SLV,2018,29.38977835
El Salvador,SLV,2019,29.79839701
Estonia,EST,1993,31.34571704
Estonia,EST,1995,22.71059038
Estonia,EST,1998,29.76387527
Estonia,EST,2000,27.63384342
Estonia,EST,2001,27.89887381
Estonia,EST,2002,27.31359197
Estonia,EST,2003,26.83854198
Estonia,EST,2004,27.37634582
Estonia,EST,2005,26.16935377
Estonia,EST,2006,26.85871119
Estonia,EST,2007,24.030481
Estonia,EST,2008,24.93063734
Estonia,EST,2009,24.42515059
Estonia,EST,2010,24.28198911
Estonia,EST,2011,24.75652996
Estonia,EST,2012,25.18819586
Estonia,EST,2013,26.60895006
Estonia,EST,2014,26.27465046
Estonia,EST,2015,24.41851025
Estonia,EST,2016,23.11425732
Estonia,EST,2017,22.48676871
Estonia,EST,2018,22.44059196
Estonia,EST,2019,23.30927499
Eswatini,SWZ,1994,49.53159354
Eswatini,SWZ,2000,44.13340738
Eswatini,SWZ,2009,39.98851853
Eswatini,SWZ,2016,42.73134934
Ethiopia,ETH,1995,38.04789942
Ethiopia,ETH,1999,25.48259774
Ethiopia,ETH,2004,25.63695296
Ethiopia,ETH,2010,27.39899845
Ethiopia,ETH,2015,28.46475176
Ethiopia - rural,,1981,27.51651089
Fiji,FJI,2002,29.62382259
Fiji,FJI,2008,32.90755924
Fiji,FJI,2013,29.70127963
Fiji,FJI,2019,24.23538659
Finland,FIN,1987,19.1962451
Finland,FIN,1991,19.62491433
Finland,FIN,1995,20.54394745
Finland,FIN,2000,22.74558671
Finland,FIN,2003,23.0225545
Finland,FIN,2004,23.23791192
Finland,FIN,2005,22.97534762
Finland,FIN,2006,22.98359623
Finland,FIN,2007,23.29383232
Finland,FIN,2008,22.9553779
Finland,FIN,2009,22.58235561
Finland,FIN,2010,22.54591479
Finland,FIN,2011,22.75982359
Finland,FIN,2012,22.28667945
Finland,FIN,2013,22.25097654
Finland,FIN,2014,22.01603061
Finland,FIN,2015,22.40037113
Finland,FIN,2016,22.43306839
Finland,FIN,2017,22.64917064
Finland,FIN,2018,22.59469393
Finland,FIN,2019,22.9664866
France,FRA,1978,27.154868
France,FRA,1984,28.88688406
France,FRA,1989,24.72925281
France,FRA,1994,25.6032077
France,FRA,2000,24.35883386
France,FRA,2003,25.16881964
France,FRA,2004,24.49924494
France,FRA,2005,23.93492659
France,FRA,2006,23.50885842
France,FRA,2007,26.2464575
France,FRA,2008,26.68675834
France,FRA,2009,26.10715661
France,FRA,2010,27.13489205
France,FRA,2011,26.93661001
France,FRA,2012,26.87858779
France,FRA,2013,26.39112199
France,FRA,2014,26.07838892
France,FRA,2015,26.63638822
France,FRA,2016,25.93054872
France,FRA,2017,25.80017061
France,FRA,2018,26.69635823
Gabon,GAB,2005,33.14599264
Gabon,GAB,2017,27.72601422
Gambia,GMB,1998,37.66425673
Gambia,GMB,2003,36.85387094
Gambia,GMB,2010,34.92232054
Gambia,GMB,2015,28.7322085
Georgia,GEO,1996,27.92853468
Georgia,GEO,1997,29.92168901
Georgia,GEO,1998,31.15947669
Georgia,GEO,1999,29.90898676
Georgia,GEO,2000,30.32733987
Georgia,GEO,2001,30.04167915
Georgia,GEO,2002,28.18488346
Georgia,GEO,2003,27.07794757
Georgia,GEO,2004,26.71370161
Georgia,GEO,2005,27.72485502
Georgia,GEO,2006,27.47204423
Georgia,GEO,2007,28.91273607
Georgia,GEO,2008,29.13211777
Georgia,GEO,2009,28.8545216
Georgia,GEO,2010,29.53558843
Georgia,GEO,2011,29.76909945
Georgia,GEO,2012,29.30123179
Georgia,GEO,2013,29.10572533
Georgia,GEO,2014,28.56371526
Georgia,GEO,2015,27.79185281
Georgia,GEO,2016,28.14816439
Georgia,GEO,2017,28.89744844
Georgia,GEO,2018,27.45451386
Georgia,GEO,2019,27.57642399
Georgia,GEO,2020,26.21028726
Germany,DEU,1991,23.1015658
Germany,DEU,1992,23.26779053
Germany,DEU,1993,22.94940956
Germany,DEU,1994,23.04198352
Germany,DEU,1995,22.99034627
Germany,DEU,1996,22.59438236
Germany,DEU,1997,22.4159585
Germany,DEU,1998,22.33331776
Germany,DEU,1999,23.18625038
Germany,DEU,2000,23.04786928
Germany,DEU,2001,23.94755598
Germany,DEU,2002,23.74613678
Germany,DEU,2003,23.96743525
Germany,DEU,2004,24.05902433
Germany,DEU,2005,25.29461491
Germany,DEU,2006,24.85428616
Germany,DEU,2007,25.21039134
Germany,DEU,2008,24.65018091
Germany,DEU,2009,24.02194393
Germany,DEU,2010,24.06612969
Germany,DEU,2011,24.63883005
Germany,DEU,2012,24.40782508
Germany,DEU,2013,24.91309692
Germany,DEU,2014,24.11844363
Germany,DEU,2015,24.82756834
Germany,DEU,2016,24.69237387
Germany,DEU,2017,24.55785525
Germany,DEU,2018,25.14413504
Ghana,GHA,1987,27.34347523
Ghana,GHA,1988,28.1423619
Ghana,GHA,1991,30.1338245
Ghana,GHA,1998,29.58911856
Ghana,GHA,2005,32.68618326
Ghana,GHA,2012,31.7476192
Ghana,GHA,2016,32.21116922
Greece,GRC,1995,27.3214818
Greece,GRC,2000,25.66771623
Greece,GRC,2003,24.58334142
Greece,GRC,2004,25.49393667
Greece,GRC,2005,26.32610557
Greece,GRC,2006,26.72561599
Greece,GRC,2007,26.02307611
Greece,GRC,2008,26.04849647
Greece,GRC,2009,26.02626578
Greece,GRC,2010,25.64393802
Greece,GRC,2011,25.62671628
Greece,GRC,2012,26.62021349
Greece,GRC,2013,26.43744364
Greece,GRC,2014,26.13593349
Greece,GRC,2015,26.23421333
Greece,GRC,2016,25.87595411
Greece,GRC,2017,25.87550868
Greece,GRC,2018,24.87431413
Greece,GRC,2019,24.90669069
Guatemala,GTM,1986,46.72727396
Guatemala,GTM,1989,46.78341391
Guatemala,GTM,2000,43.86378267
Guatemala,GTM,2006,43.20907939
Guatemala,GTM,2014,38.05048965
Guinea,GIN,1991,31.73566074
Guinea,GIN,1994,36.04530995
Guinea,GIN,2002,33.96448165
Guinea,GIN,2007,30.06912948
Guinea,GIN,2012,26.40958059
Guinea,GIN,2018,23.08535091
Guinea-Bissau,GNB,1993,34.39604832
Guinea-Bissau,GNB,2002,28.05803772
Guinea-Bissau,GNB,2010,41.99985317
Guinea-Bissau,GNB,2018,27.60014048
Guyana,GUY,1998,34.44614715
Haiti,HTI,2001,47.82381496
Haiti,HTI,2012,31.19743725
Honduras,HND,1989,48.181617
Honduras,HND,1990,45.46625354
Honduras,HND,1991,40.81034876
Honduras,HND,1992,41.36885014
Honduras,HND,1993,42.80124929
Honduras,HND,1994,43.49681386
Honduras,HND,1995,43.82114315
Honduras,HND,1996,43.70818171
Honduras,HND,1997,41.395266
Honduras,HND,1998,44.62384898
Honduras,HND,1999,41.85264129
Honduras,HND,2001,41.57040329
Honduras,HND,2002,42.71325778
Honduras,HND,2003,45.05302666
Honduras,HND,2004,44.87460755
Honduras,HND,2005,46.12433523
Honduras,HND,2006,43.98653714
Honduras,HND,2007,43.07758121
Honduras,HND,2008,43.02956409
Honduras,HND,2009,38.4096915
Honduras,HND,2010,40.20407322
Honduras,HND,2011,39.74397572
Honduras,HND,2012,40.3971545
Honduras,HND,2013,36.95033515
Honduras,HND,2014,37.36828436
Honduras,HND,2015,36.60694646
Honduras,HND,2016,36.04951475
Honduras,HND,2017,36.55554816
Honduras,HND,2018,35.34019094
Honduras,HND,2019,34.64680809
Honduras - urban,,1986,43.25547251
Hungary,HUN,1987,19.00217041
Hungary,HUN,1989,21.62884613
Hungary,HUN,1991,23.82363641
Hungary,HUN,1993,24.19461893
Hungary,HUN,1994,26.2371182
Hungary,HUN,1998,21.91044089
Hungary,HUN,1999,23.24817249
Hungary,HUN,2000,22.82299535
Hungary,HUN,2001,22.11799508
Hungary,HUN,2002,22.21155082
Hungary,HUN,2003,24.64956853
Hungary,HUN,2004,24.19818235
Hungary,HUN,2005,23.92807574
Hungary,HUN,2006,23.24329007
Hungary,HUN,2007,25.33546837
Hungary,HUN,2008,22.06016017
Hungary,HUN,2009,21.47397551
Hungary,HUN,2010,23.09994149
Hungary,HUN,2011,23.16473203
Hungary,HUN,2012,23.8934372
Hungary,HUN,2013,24.43085775
Hungary,HUN,2014,24.0428505
Hungary,HUN,2015,23.79087055
Hungary,HUN,2016,23.8177558
Hungary,HUN,2017,23.90395438
Hungary,HUN,2018,23.23576149
Hungary,HUN,2019,23.33005534
Iceland,ISL,2003,22.63588985
Iceland,ISL,2004,23.73969788
Iceland,ISL,2005,24.35893927
Iceland,ISL,2006,25.38509277
Iceland,ISL,2007,24.78372561
Iceland,ISL,2008,27.07789641
Iceland,ISL,2009,24.00499588
Iceland,ISL,2010,22.01897108
Iceland,ISL,2011,22.13831977
Iceland,ISL,2012,22.0755903
Iceland,ISL,2013,21.32523553
Iceland,ISL,2014,23.48272736
Iceland,ISL,2015,22.51138092
Iceland,ISL,2016,22.76521804
Iceland,ISL,2017,22.06329368
India,IND,1977,27.50758994
India,IND,1983,26.41488696
India,IND,1987,27.53479058
India,IND,1993,26.66824101
India,IND,2004,29.15050085
India,IND,2009,29.9623163
India,IND,2011,30.14265136
India,IND,2015,29.72928656
India,IND,2016,29.71173536
India,IND,2017,30.49848688
India,IND,2018,28.3787727
India,IND,2019,30.62390803
India - rural,,1977,29.13686627
India - rural,,1983,24.92403565
India - rural,,1987,25.49162069
India - rural,,1993,24.42060611
India - rural,,2004,26.40931441
India - rural,,2009,25.81326102
India - rural,,2011,26.65292357
India - rural,,2015,26.98770772
India - rural,,2016,27.07190249
India - rural,,2017,27.62875815
India - rural,,2018,27.15898734
India - rural,,2019,26.63060287
India - urban,,1977,29.23865866
India - urban,,1983,27.12272871
India - urban,,1987,29.15840218
India - urban,,1993,27.699394
India - urban,,2004,30.21321409
India - urban,,2009,31.75227487
India - urban,,2011,31.82928475
India - urban,,2015,31.10096811
India - urban,,2016,31.10221477
India - urban,,2017,32.06712894
India - urban,,2018,27.23738339
India - urban,,2019,32.28674878
Indonesia,IDN,1984,26.97024729
Indonesia,IDN,1987,26.13278545
Indonesia,IDN,1990,26.986605
Indonesia,IDN,1993,27.84967977
Indonesia,IDN,1996,29.65622351
Indonesia,IDN,1998,26.77932489
Indonesia,IDN,1999,27.32439489
Indonesia,IDN,2000,25.02871281
Indonesia,IDN,2001,25.62524872
Indonesia,IDN,2002,27.66394989
Indonesia,IDN,2003,27.22137043
Indonesia,IDN,2004,27.66682189
Indonesia,IDN,2005,27.98862734
Indonesia,IDN,2006,28.83781372
Indonesia,IDN,2007,29.55794464
Indonesia,IDN,2008,29.14343278
Indonesia,IDN,2009,29.40755793
Indonesia,IDN,2010,29.48734027
Indonesia,IDN,2011,32.641446
Indonesia,IDN,2012,32.90158926
Indonesia,IDN,2013,32.92033328
Indonesia,IDN,2014,32.51124748
Indonesia,IDN,2015,32.99365134
Indonesia,IDN,2016,31.00816914
Indonesia,IDN,2017,30.17767762
Indonesia,IDN,2018,29.9111815
Indonesia,IDN,2019,29.47447063
Indonesia,IDN,2020,29.52945069
Indonesia,IDN,2021,30.11689354
Indonesia - rural,,1984,24.00715996
Indonesia - rural,,1987,23.64481558
Indonesia - rural,,1990,22.63375052
Indonesia - rural,,1993,22.36457201
Indonesia - rural,,1996,23.53807804
Indonesia - rural,,1998,22.01004951
Indonesia - rural,,1999,21.3857193
Indonesia - rural,,2000,20.99938812
Indonesia - rural,,2001,21.15948136
Indonesia - rural,,2002,22.15916089
Indonesia - rural,,2003,21.57165293
Indonesia - rural,,2004,22.02263622
Indonesia - rural,,2005,23.69866332
Indonesia - rural,,2006,24.29165788
Indonesia - rural,,2007,24.89417986
Indonesia - rural,,2008,24.82470277
Indonesia - rural,,2009,24.7444993
Indonesia - rural,,2010,25.15140431
Indonesia - rural,,2011,27.45854552
Indonesia - rural,,2012,26.86583795
Indonesia - rural,,2013,26.14465883
Indonesia - rural,,2014,25.91027655
Indonesia - rural,,2015,27.40145869
Indonesia - rural,,2016,26.17737506
Indonesia - rural,,2017,24.77442816
Indonesia - rural,,2018,25.04557157
Indonesia - rural,,2019,24.66524192
Indonesia - rural,,2020,24.72134716
Indonesia - rural,,2021,24.61199217
Indonesia - urban,,1984,26.68979961
Indonesia - urban,,1987,26.48694373
Indonesia - urban,,1990,27.99960309
Indonesia - urban,,1993,28.60641761
Indonesia - urban,,1996,30.27965944
Indonesia - urban,,1998,27.27572721
Indonesia - urban,,1999,29.49664548
Indonesia - urban,,2000,26.26912755
Indonesia - urban,,2001,26.43436592
Indonesia - urban,,2002,28.04664008
Indonesia - urban,,2003,27.07029623
Indonesia - urban,,2004,27.4634552
Indonesia - urban,,2005,28.05093491
Indonesia - urban,,2006,28.79576944
Indonesia - urban,,2007,29.42090611
Indonesia - urban,,2008,29.19669974
Indonesia - urban,,2009,29.87515137
Indonesia - urban,,2010,29.6560232
Indonesia - urban,,2011,33.56466639
Indonesia - urban,,2012,33.72973993
Indonesia - urban,,2013,33.32346711
Indonesia - urban,,2014,33.47039741
Indonesia - urban,,2015,34.19149685
Indonesia - urban,,2016,31.67703617
Indonesia - urban,,2017,30.7173979
Indonesia - urban,,2018,30.49437247
Indonesia - urban,,2019,30.06701604
Indonesia - urban,,2020,30.15902148
Indonesia - urban,,2021,31.2727168
Iran,IRN,1986,36.85675962
Iran,IRN,1990,33.54633849
Iran,IRN,1994,33.29264489
Iran,IRN,1998,33.74457537
Iran,IRN,2005,33.31292736
Iran,IRN,2006,33.99347822
Iran,IRN,2009,31.27090922
Iran,IRN,2013,28.97487353
Iran,IRN,2014,29.79843938
Iran,IRN,2015,30.56015368
Iran,IRN,2016,30.85290813
Iran,IRN,2017,31.27277503
Iran,IRN,2018,32.49233381
Iran,IRN,2019,31.69152434
Iraq,IRQ,2006,23.62698591
Iraq,IRQ,2012,23.70467204
Ireland,IRL,1987,27.22671678
Ireland,IRL,1994,29.03280851
Ireland,IRL,1995,28.63001102
Ireland,IRL,1996,27.57249363
Ireland,IRL,2000,26.13354048
Ireland,IRL,2002,24.96946145
Ireland,IRL,2003,25.9054063
Ireland,IRL,2004,26.63542209
Ireland,IRL,2005,26.95296001
Ireland,IRL,2006,25.62715859
Ireland,IRL,2007,25.50187082
Ireland,IRL,2008,24.57599404
Ireland,IRL,2009,25.56203612
Ireland,IRL,2010,24.90281794
Ireland,IRL,2011,25.50775124
Ireland,IRL,2012,25.92612075
Ireland,IRL,2013,26.07541363
Ireland,IRL,2014,24.92162009
Ireland,IRL,2015,25.39732334
Ireland,IRL,2016,25.91593876
Ireland,IRL,2017,25.3792538
Ireland,IRL,2018,25.09472413
Israel,ISR,1979,26.90721139
Israel,ISR,1986,26.85037719
Israel,ISR,1992,26.870716
Israel,ISR,1997,28.16099824
Israel,ISR,2001,28.74221197
Israel,ISR,2002,28.69955508
Israel,ISR,2003,29.44387417
Israel,ISR,2004,29.33191628
Israel,ISR,2005,30.43386047
Israel,ISR,2006,29.67863957
Israel,ISR,2007,29.47116496
Israel,ISR,2008,29.9678258
Israel,ISR,2009,30.47862116
Israel,ISR,2010,31.06518113
Israel,ISR,2011,29.46034745
Israel,ISR,2012,29.73393991
Israel,ISR,2013,28.9272709
Israel,ISR,2014,28.2353327
Israel,ISR,2015,28.55428781
Israel,ISR,2016,27.74808283
Israel,ISR,2017,26.95080176
Israel,ISR,2018,27.62486232
Italy,ITA,1986,24.69569879
Italy,ITA,1987,25.45109766
Italy,ITA,1989,25.11049323
Italy,ITA,1991,24.0328169
Italy,ITA,1993,26.17396104
Italy,ITA,1995,26.15648122
Italy,ITA,1998,27.6108788
Italy,ITA,2000,26.35052543
Italy,ITA,2003,26.68603466
Italy,ITA,2004,26.31655943
Italy,ITA,2005,25.48502584
Italy,ITA,2006,25.62732356
Italy,ITA,2007,24.92321185
Italy,ITA,2008,25.67603015
Italy,ITA,2009,25.43435076
Italy,ITA,2010,26.16274312
Italy,ITA,2011,26.39714865
Italy,ITA,2012,26.42302448
Italy,ITA,2013,25.92801125
Italy,ITA,2014,25.53320335
Italy,ITA,2015,25.76257214
Italy,ITA,2016,25.96119718
Italy,ITA,2017,26.66186862
Italy,ITA,2018,25.923912
Jamaica,JAM,1988,33.66378582
Jamaica,JAM,1990,32.05186498
Jamaica,JAM,1993,27.4139651
Jamaica,JAM,1996,32.67744667
Jamaica,JAM,1999,35.03079664
Jamaica,JAM,2002,38.01016529
Jamaica,JAM,2004,35.75783203
Japan,JPN,2008,26.14717847
Japan,JPN,2010,25.68109892
Japan,JPN,2013,26.40876773
Jordan,JOR,1986,28.11237515
Jordan,JOR,1992,34.98948116
Jordan,JOR,1997,29.83703451
Jordan,JOR,2002,29.51336697
Jordan,JOR,2006,27.4941885
Jordan,JOR,2008,26.57452827
Jordan,JOR,2010,27.45170007
Kazakhstan,KAZ,1993,24.93788799
Kazakhstan,KAZ,1996,26.29015848
Kazakhstan,KAZ,2001,27.1408447
Kazakhstan,KAZ,2002,26.79487987
Kazakhstan,KAZ,2003,25.78704995
Kazakhstan,KAZ,2004,25.10101089
Kazakhstan,KAZ,2005,29.72078078
Kazakhstan,KAZ,2006,24.91445624
Kazakhstan,KAZ,2007,24.62365094
Kazakhstan,KAZ,2008,23.6474721
Kazakhstan,KAZ,2009,23.12880823
Kazakhstan,KAZ,2010,23.08827021
Kazakhstan,KAZ,2011,22.95535061
Kazakhstan,KAZ,2012,22.93629243
Kazakhstan,KAZ,2013,22.5148812
Kazakhstan,KAZ,2014,22.62386662
Kazakhstan,KAZ,2015,22.58604412
Kazakhstan,KAZ,2016,22.71709541
Kazakhstan,KAZ,2017,22.97925068
Kazakhstan,KAZ,2018,23.44627286
Kenya,KEN,1992,47.86956246
Kenya,KEN,1994,33.37301257
Kenya,KEN,1997,36.25159937
Kenya,KEN,2005,36.8209728
Kenya,KEN,2015,31.56148317
Kiribati,KIR,2006,29.25184309
Kiribati,KIR,2019,22.85169723
Kosovo,OWID_KOS,2003,23.2129826
Kosovo,OWID_KOS,2005,24.17548682
Kosovo,OWID_KOS,2006,24.0518003
Kosovo,OWID_KOS,2009,24.97535025
Kosovo,OWID_KOS,2010,25.7133469
Kosovo,OWID_KOS,2011,22.28520308
Kosovo,OWID_KOS,2012,23.49217925
Kosovo,OWID_KOS,2013,21.9475138
Kosovo,OWID_KOS,2014,21.99907686
Kosovo,OWID_KOS,2015,21.53492679
Kosovo,OWID_KOS,2016,21.80398091
Kosovo,OWID_KOS,2017,24.55945007
Kyrgyzstan,KGZ,1998,35.27055328
Kyrgyzstan,KGZ,2000,24.84445095
Kyrgyzstan,KGZ,2001,23.91723153
Kyrgyzstan,KGZ,2002,23.98474267
Kyrgyzstan,KGZ,2003,23.32190486
Kyrgyzstan,KGZ,2004,27.17571477
Kyrgyzstan,KGZ,2005,26.15207959
Kyrgyzstan,KGZ,2006,29.41232228
Kyrgyzstan,KGZ,2007,26.48625188
Kyrgyzstan,KGZ,2008,25.29852877
Kyrgyzstan,KGZ,2009,24.57994644
Kyrgyzstan,KGZ,2010,24.61753009
Kyrgyzstan,KGZ,2011,23.49000611
Kyrgyzstan,KGZ,2012,23.13075842
Kyrgyzstan,KGZ,2013,23.84611367
Kyrgyzstan,KGZ,2014,22.88504254
Kyrgyzstan,KGZ,2015,24.77225734
Kyrgyzstan,KGZ,2016,22.9106677
Kyrgyzstan,KGZ,2017,23.28090464
Kyrgyzstan,KGZ,2018,23.62626181
Kyrgyzstan,KGZ,2019,25.82850796
Kyrgyzstan,KGZ,2020,24.03003479
Laos,LAO,1992,28.08185343
Laos,LAO,1997,29.11142644
Laos,LAO,2002,27.04814909
Laos,LAO,2007,29.25129408
Laos,LAO,2012,28.96991646
Laos,LAO,2018,31.24705906
Latvia,LVA,1993,22.06526445
Latvia,LVA,1995,25.09462065
Latvia,LVA,1996,25.655719
Latvia,LVA,1997,26.6509559
Latvia,LVA,1998,26.21632427
Latvia,LVA,2002,27.49404613
Latvia,LVA,2003,28.46768578
Latvia,LVA,2004,26.97202371
Latvia,LVA,2005,30.02617626
Latvia,LVA,2006,26.79796304
Latvia,LVA,2007,27.72072283
Latvia,LVA,2008,27.43991243
Latvia,LVA,2009,26.70500455
Latvia,LVA,2010,26.22928767
Latvia,LVA,2011,27.33593412
Latvia,LVA,2012,26.56536234
Latvia,LVA,2013,26.80876591
Latvia,LVA,2014,26.65258686
Latvia,LVA,2015,26.16270277
Latvia,LVA,2016,25.7861959
Latvia,LVA,2017,26.90340488
Latvia,LVA,2018,26.89787679
Latvia,LVA,2019,26.63300627
Lebanon,LBN,2011,24.78925689
Lesotho,LSO,1986,43.56851991
Lesotho,LSO,1994,48.27369745
Lesotho,LSO,2002,38.28005906
Lesotho,LSO,2017,32.89834079
Liberia,LBR,2007,28.29088812
Liberia,LBR,2014,26.03238579
Liberia,LBR,2016,27.09680289
Lithuania,LTU,1993,27.98935642
Lithuania,LTU,1996,25.57901855
Lithuania,LTU,1998,25.17655286
Lithuania,LTU,1999,25.24718383
Lithuania,LTU,2000,24.69502932
Lithuania,LTU,2001,24.87122683
Lithuania,LTU,2002,24.86745344
Lithuania,LTU,2003,27.93741157
Lithuania,LTU,2004,27.39114573
Lithuania,LTU,2005,27.15994656
Lithuania,LTU,2006,26.78308237
Lithuania,LTU,2007,26.77042834
Lithuania,LTU,2008,28.94966014
Lithuania,LTU,2009,27.6122867
Lithuania,LTU,2010,24.7903672
Lithuania,LTU,2011,24.54349423
Lithuania,LTU,2012,26.82886099
Lithuania,LTU,2013,27.10732492
Lithuania,LTU,2014,28.91069901
Lithuania,LTU,2015,28.61951501
Lithuania,LTU,2016,29.54615349
Lithuania,LTU,2017,28.42622536
Lithuania,LTU,2018,27.15116264
Lithuania,LTU,2019,27.46221323
Luxembourg,LUX,1985,21.53678756
Luxembourg,LUX,1991,22.24119961
Luxembourg,LUX,1994,21.86445496
Luxembourg,LUX,1997,23.78039008
Luxembourg,LUX,2000,23.89431907
Luxembourg,LUX,2003,23.67495889
Luxembourg,LUX,2004,23.72167239
Luxembourg,LUX,2005,24.34634416
Luxembourg,LUX,2006,24.32713302
Luxembourg,LUX,2007,25.05656511
Luxembourg,LUX,2008,25.75499805
Luxembourg,LUX,2009,24.17210561
Luxembourg,LUX,2010,23.72705874
Luxembourg,LUX,2011,24.43406924
Luxembourg,LUX,2012,26.37088516
Luxembourg,LUX,2013,24.2398727
Luxembourg,LUX,2014,24.27870522
Luxembourg,LUX,2015,25.07038901
Luxembourg,LUX,2016,24.11344367
Luxembourg,LUX,2017,25.59276863
Luxembourg,LUX,2018,26.6272747
Luxembourg,LUX,2019,25.83069028
Madagascar,MDG,1980,37.02294326
Madagascar,MDG,1993,37.03966567
Madagascar,MDG,1997,30.14583255
Madagascar,MDG,1999,28.91894684
Madagascar,MDG,2001,36.63850744
Madagascar,MDG,2005,32.44397154
Madagascar,MDG,2010,34.30603083
Madagascar,MDG,2012,33.48646612
Malawi,MWI,1997,61.49113543
Malawi,MWI,2004,32.83021069
Malawi,MWI,2010,36.85893621
Malawi,MWI,2016,38.0934921
Malawi,MWI,2019,30.97639984
Malaysia,MYS,1984,38.45030183
Malaysia,MYS,1987,36.93875691
Malaysia,MYS,1989,36.41095712
Malaysia,MYS,1992,37.01692517
Malaysia,MYS,1995,37.85709684
Malaysia,MYS,1997,38.41646984
Malaysia,MYS,2003,35.12368399
Malaysia,MYS,2006,33.84518559
Malaysia,MYS,2008,34.15017208
Malaysia,MYS,2011,33.18693983
Malaysia,MYS,2013,31.82160298
Malaysia,MYS,2015,31.27335194
Maldives,MDV,2002,34.83969752
Maldives,MDV,2009,29.94292368
Maldives,MDV,2016,25.17363516
Maldives,MDV,2019,23.28862605
Mali,MLI,1994,40.43909109
Mali,MLI,2001,30.05706511
Mali,MLI,2006,30.23729348
Mali,MLI,2009,25.67846634
Mali,MLI,2018,28.1909428
Malta,MLT,2006,22.05168237
Malta,MLT,2007,22.62769222
Malta,MLT,2008,22.48382664
Malta,MLT,2009,23.76060781
Malta,MLT,2010,22.73481345
Malta,MLT,2011,23.20302745
Malta,MLT,2012,23.44088817
Malta,MLT,2013,23.15389088
Malta,MLT,2014,23.30521298
Malta,MLT,2015,23.63339986
Malta,MLT,2016,23.1200268
Malta,MLT,2017,23.33083174
Malta,MLT,2018,22.89275895
Malta,MLT,2019,24.82670617
Marshall Islands,MHL,2019,27.52425505
Mauritania,MRT,1987,31.95617823
Mauritania,MRT,1993,42.4905155
Mauritania,MRT,1995,28.68938971
Mauritania,MRT,2000,29.54016114
Mauritania,MRT,2004,32.63371426
Mauritania,MRT,2008,26.18242545
Mauritania,MRT,2014,24.92960424
Mauritius,MUS,2006,28.7496682
Mauritius,MUS,2012,31.60764805
Mauritius,MUS,2017,29.86820272
Mexico,MEX,1984,37.87241795
Mexico,MEX,1989,40.5882408
Mexico,MEX,1992,42.22909047
Mexico,MEX,1994,42.34742446
Mexico,MEX,1996,42.13685954
Mexico,MEX,1998,40.43297204
Mexico,MEX,2000,42.04099261
Mexico,MEX,2002,39.64966694
Mexico,MEX,2004,39.63576238
Mexico,MEX,2005,39.58199507
Mexico,MEX,2006,38.91815194
Mexico,MEX,2008,39.11430447
Mexico,MEX,2010,37.0932735
Mexico,MEX,2012,38.85920162
Mexico,MEX,2014,39.54913788
Mexico,MEX,2016,37.77360007
Mexico,MEX,2018,37.05912388
Mexico,MEX,2020,35.458431
Micronesia (country),FSM,2005,32.48062322
Micronesia (country),FSM,2013,29.7216237
Micronesia (country) - urban,,2000,49.34121464
Moldova,MDA,1997,28.10591095
Moldova,MDA,1998,30.12371907
Moldova,MDA,1999,34.35954685
Moldova,MDA,2000,28.45006815
Moldova,MDA,2001,29.7705532
Moldova,MDA,2002,27.53034127
Moldova,MDA,2003,27.69535442
Moldova,MDA,2004,27.6925396
Moldova,MDA,2005,28.36711639
Moldova,MDA,2006,27.37947049
Moldova,MDA,2007,26.78461874
Moldova,MDA,2008,27.11545091
Moldova,MDA,2009,25.03063144
Moldova,MDA,2010,25.43293808
Moldova,MDA,2011,24.50615751
Moldova,MDA,2012,23.6095366
Moldova,MDA,2013,23.26431261
Moldova,MDA,2014,22.09300147
Moldova,MDA,2015,22.5265757
Moldova,MDA,2016,22.69094162
Moldova,MDA,2017,21.66750066
Moldova,MDA,2018,21.95260661
Moldova,MDA,2019,21.98395048
Mongolia,MNG,1995,24.96175705
Mongolia,MNG,1998,22.92161639
Mongolia,MNG,2002,24.6341885
Mongolia,MNG,2007,27.75560642
Mongolia,MNG,2010,25.7298861
Mongolia,MNG,2011,26.62297476
Mongolia,MNG,2012,26.1863202
Mongolia,MNG,2014,25.47082036
Mongolia,MNG,2016,25.61896932
Mongolia,MNG,2018,25.67066813
Montenegro,MNE,2005,23.99612164
Montenegro,MNE,2006,23.22504332
Montenegro,MNE,2007,24.48249659
Montenegro,MNE,2008,24.54236701
Montenegro,MNE,2009,24.88135056
Montenegro,MNE,2010,22.64488101
Montenegro,MNE,2011,24.67946652
Montenegro,MNE,2012,24.48222029
Montenegro,MNE,2013,24.91736384
Montenegro,MNE,2014,25.72214891
Montenegro,MNE,2015,27.70231397
Montenegro,MNE,2016,27.748745
Montenegro,MNE,2017,26.03782281
Montenegro,MNE,2018,25.95501756
Morocco,MAR,1984,31.84375747
Morocco,MAR,1990,30.67414775
Morocco,MAR,1998,30.84567019
Morocco,MAR,2000,32.13316898
Morocco,MAR,2006,33.10082582
Morocco,MAR,2013,31.88516492
Mozambique,MOZ,1996,43.75473013
Mozambique,MOZ,2002,39.35360938
Mozambique,MOZ,2008,36.78071524
Mozambique,MOZ,2014,45.47815357
Myanmar,MMR,2015,31.70591147
Myanmar,MMR,2017,25.51765371
Namibia,NAM,2003,54.78787461
Namibia,NAM,2009,51.8369473
Namibia,NAM,2015,47.25009801
Nauru,NRU,2012,27.33156248
Nepal,NPL,1984,24.98343297
Nepal,NPL,1995,28.99663391
Nepal,NPL,2003,36.88536625
Nepal,NPL,2010,26.4104754
Netherlands,NLD,1983,22.61043894
Netherlands,NLD,1987,21.99305505
Netherlands,NLD,1990,24.47900857
Netherlands,NLD,1993,22.80390105
Netherlands,NLD,1999,21.80609615
Netherlands,NLD,2004,23.69930423
Netherlands,NLD,2005,23.37640882
Netherlands,NLD,2006,24.69862433
Netherlands,NLD,2007,24.08458423
Netherlands,NLD,2008,23.68434593
Netherlands,NLD,2009,22.39056317
Netherlands,NLD,2010,22.44527502
Netherlands,NLD,2011,22.57789422
Netherlands,NLD,2012,22.4982978
Netherlands,NLD,2013,22.75990011
Netherlands,NLD,2014,23.29374226
Netherlands,NLD,2015,23.02391859
Netherlands,NLD,2016,22.90323413
Netherlands,NLD,2017,23.33695901
Netherlands,NLD,2018,22.9725702
Netherlands,NLD,2019,23.92109957
Nicaragua,NIC,1993,38.72163149
Nicaragua,NIC,1998,35.85786085
Nicaragua,NIC,2001,33.67040366
Nicaragua,NIC,2005,31.50901576
Nicaragua,NIC,2009,34.20603417
Nicaragua,NIC,2014,37.21440834
Niger,NER,1992,29.44176199
Niger,NER,1994,32.47347871
Niger,NER,2005,36.23713906
Niger,NER,2007,31.37488585
Niger,NER,2011,26.43304754
Niger,NER,2014,27.0224977
Niger,NER,2018,31.13769706
Nigeria,NGA,1985,28.20693252
Nigeria,NGA,1992,31.36325854
Nigeria,NGA,1996,40.68897106
Nigeria,NGA,2003,29.83761483
Nigeria,NGA,2010,26.76636602
Nigeria,NGA,2012,26.65485492
Nigeria,NGA,2015,26.88318864
Nigeria,NGA,2018,26.74319368
North Macedonia,MKD,1998,22.20575592
North Macedonia,MKD,2000,25.86920675
North Macedonia,MKD,2002,29.03625023
North Macedonia,MKD,2003,29.35981506
North Macedonia,MKD,2004,28.98473024
North Macedonia,MKD,2005,28.88727866
North Macedonia,MKD,2006,32.17793254
North Macedonia,MKD,2008,35.56064273
North Macedonia,MKD,2009,30.73584483
North Macedonia,MKD,2010,27.10291153
North Macedonia,MKD,2011,26.88152601
North Macedonia,MKD,2012,26.51937323
North Macedonia,MKD,2013,25.39072369
North Macedonia,MKD,2014,24.85529372
North Macedonia,MKD,2015,24.81118001
North Macedonia,MKD,2016,24.06859503
North Macedonia,MKD,2017,23.78986767
North Macedonia,MKD,2018,22.95233909
Norway,NOR,1979,21.84733757
Norway,NOR,1986,20.52452095
Norway,NOR,1991,21.1595986
Norway,NOR,1995,21.68344343
Norway,NOR,2000,23.23625456
Norway,NOR,2003,23.346154
Norway,NOR,2004,27.15091211
Norway,NOR,2005,26.32192367
Norway,NOR,2006,21.15486271
Norway,NOR,2007,22.2095012
Norway,NOR,2008,21.81220313
Norway,NOR,2009,21.28131337
Norway,NOR,2010,20.99243576
Norway,NOR,2011,20.48951572
Norway,NOR,2012,20.86748447
Norway,NOR,2013,21.31011704
Norway,NOR,2014,21.61021093
Norway,NOR,2015,22.27697219
Norway,NOR,2016,23.05793918
Norway,NOR,2017,21.63072962
Norway,NOR,2018,22.20568153
Norway,NOR,2019,22.36248764
Pakistan,PAK,1987,27.6219676
Pakistan,PAK,1990,27.05521268
Pakistan,PAK,1996,25.18821608
Pakistan,PAK,1998,28.47547841
Pakistan,PAK,2001,24.87408784
Pakistan,PAK,2004,26.31965251
Pakistan,PAK,2005,27.13310097
Pakistan,PAK,2007,25.70992152
Pakistan,PAK,2010,25.11553749
Pakistan,PAK,2011,25.82246794
Pakistan,PAK,2013,25.25292726
Pakistan,PAK,2015,26.96885815
Pakistan,PAK,2018,25.53643712
Palestine,PSE,2004,26.4753637
Palestine,PSE,2005,26.71944571
Palestine,PSE,2006,27.14488689
Palestine,PSE,2007,27.61181953
Palestine,PSE,2009,27.37317617
Palestine,PSE,2010,27.77980812
Palestine,PSE,2011,27.19269613
Palestine,PSE,2016,25.19369994
Panama,PAN,1979,35.99652321
Panama,PAN,1989,42.86355222
Panama,PAN,1991,42.53039815
Panama,PAN,1995,43.21383413
Panama,PAN,1997,44.07868386
Panama,PAN,1998,43.42346257
Panama,PAN,1999,42.48901709
Panama,PAN,2000,43.1744248
Panama,PAN,2001,42.64133039
Panama,PAN,2002,42.98013442
Panama,PAN,2003,42.21238907
Panama,PAN,2004,41.25108621
Panama,PAN,2005,40.19422422
Panama,PAN,2006,41.12861672
Panama,PAN,2007,39.74120931
Panama,PAN,2008,40.70854076
Panama,PAN,2009,40.11588435
Panama,PAN,2010,39.65095775
Panama,PAN,2011,39.6643499
Panama,PAN,2012,39.66879318
Panama,PAN,2013,39.60884756
Panama,PAN,2014,38.49385918
Panama,PAN,2015,39.02225099
Panama,PAN,2016,37.8507333
Panama,PAN,2017,37.70778522
Panama,PAN,2018,37.1079762
Panama,PAN,2019,38.03134862
Papua New Guinea,PNG,1996,34.4693628
Papua New Guinea,PNG,2009,30.99993916
Paraguay,PRY,1990,30.7522307
Paraguay,PRY,1995,46.10871892
Paraguay,PRY,1997,41.43845885
Paraguay,PRY,1999,42.10949356
Paraguay,PRY,2001,43.07223151
Paraguay,PRY,2002,46.17147035
Paraguay,PRY,2003,44.08649444
Paraguay,PRY,2004,41.98863614
Paraguay,PRY,2005,40.44030254
Paraguay,PRY,2006,42.41199114
Paraguay,PRY,2007,42.53622011
Paraguay,PRY,2008,40.09572026
Paraguay,PRY,2009,38.05705161
Paraguay,PRY,2010,40.48570846
Paraguay,PRY,2011,41.35196602
Paraguay,PRY,2012,36.8732197
Paraguay,PRY,2013,37.29790625
Paraguay,PRY,2014,40.70246386
Paraguay,PRY,2015,36.73088389
Paraguay,PRY,2016,37.34832911
Paraguay,PRY,2017,39.07055979
Paraguay,PRY,2018,35.76137473
Paraguay,PRY,2019,35.18660846
Paraguay,PRY,2020,33.3051702
Peru,PER,1985,35.15504843
Peru,PER,1994,33.21221166
Peru,PER,1997,40.79239978
Peru,PER,1998,43.60031756
Peru,PER,1999,43.62926999
Peru,PER,2000,36.77440966
Peru,PER,2001,39.13846442
Peru,PER,2002,42.06600336
Peru,PER,2003,42.20120787
Peru,PER,2004,37.95309838
Peru,PER,2005,38.51349258
Peru,PER,2006,38.16326515
Peru,PER,2007,37.80056232
Peru,PER,2008,35.40088303
Peru,PER,2009,35.1947728
Peru,PER,2010,34.2202489
Peru,PER,2011,33.47848299
Peru,PER,2012,33.25385907
Peru,PER,2013,32.6877589
Peru,PER,2014,32.14093593
Peru,PER,2015,32.61077392
Peru,PER,2016,32.55767706
Peru,PER,2017,32.29961993
Peru,PER,2018,31.62443077
Peru,PER,2019,31.14804634
Peru,PER,2020,32.89828664
Philippines,PHL,1985,32.73485268
Philippines,PHL,1988,31.96900017
Philippines,PHL,1991,34.69503943
Philippines,PHL,1994,33.5916407
Philippines,PHL,1997,36.27033928
Philippines,PHL,2000,34.06207849
Philippines,PHL,2003,32.49649287
Philippines,PHL,2006,33.15647546
Philippines,PHL,2009,32.69212161
Philippines,PHL,2012,32.9389158
Philippines,PHL,2015,31.45244311
Philippines,PHL,2018,29.81129283
Poland,POL,1985,20.86485723
Poland,POL,1986,21.82414898
Poland,POL,1987,21.15989147
Poland,POL,1989,21.59915353
Poland,POL,1992,23.21754288
Poland,POL,1993,20.99523392
Poland,POL,1995,26.56114968
Poland,POL,1996,26.48111002
Poland,POL,1998,25.88035295
Poland,POL,1999,25.82395333
Poland,POL,2000,26.08728398
Poland,POL,2001,25.75402845
Poland,POL,2002,26.72832164
Poland,POL,2003,26.99063498
Poland,POL,2004,27.00815514
Poland,POL,2005,26.96883437
Poland,POL,2006,26.35848479
Poland,POL,2007,26.45455304
Poland,POL,2008,26.72090295
Poland,POL,2009,26.58454063
Poland,POL,2010,26.19079272
Poland,POL,2011,25.85016463
Poland,POL,2012,25.6268615
Poland,POL,2013,25.6205618
Poland,POL,2014,25.18136888
Poland,POL,2015,25.05927228
Poland,POL,2016,24.61503705
Poland,POL,2017,24.29907975
Poland,POL,2018,25.11718186
Poland,POL,2019,24.5285876
Portugal,PRT,2003,30.24864605
Portugal,PRT,2004,30.87220462
Portugal,PRT,2005,30.57785616
Portugal,PRT,2006,29.65607951
Portugal,PRT,2007,28.85293972
Portugal,PRT,2008,28.93569328
Portugal,PRT,2009,27.46365467
Portugal,PRT,2010,28.28320658
Portugal,PRT,2011,28.67927461
Portugal,PRT,2012,27.77004076
Portugal,PRT,2013,27.50753291
Portugal,PRT,2014,27.40752454
Portugal,PRT,2015,27.33475739
Portugal,PRT,2016,27.55966856
Portugal,PRT,2017,26.66378816
Portugal,PRT,2018,26.6052858
Portugal,PRT,2019,25.98185433
Romania,ROU,1989,19.21183382
Romania,ROU,1992,20.19240863
Romania,ROU,1994,22.69653104
Romania,ROU,1995,24.6546501
Romania,ROU,1997,24.3847637
Romania,ROU,1998,24.19835129
Romania,ROU,1999,23.44004577
Romania,ROU,2000,23.3064514
Romania,ROU,2001,23.24099202
Romania,ROU,2002,23.74836491
Romania,ROU,2003,23.70529405
Romania,ROU,2004,23.53854864
Romania,ROU,2005,23.51752321
Romania,ROU,2006,23.87018121
Romania,ROU,2007,23.79831793
Romania,ROU,2008,23.19537215
Romania,ROU,2009,22.11447976
Romania,ROU,2010,21.88730913
Romania,ROU,2011,21.44033293
Romania,ROU,2012,21.46303299
Romania,ROU,2013,21.60730698
Romania,ROU,2014,24.4858069
Romania,ROU,2015,24.76709762
Romania,ROU,2016,22.1948134
Romania,ROU,2017,24.87317518
Romania,ROU,2018,22.58012718
Romania,ROU,2019,24.46972113
Russia,RUS,1993,38.28529901
Russia,RUS,1996,35.55173815
Russia,RUS,1997,29.39174104
Russia,RUS,1998,28.62034618
Russia,RUS,1999,27.73528438
Russia,RUS,2000,27.62380426
Russia,RUS,2001,27.85702393
Russia,RUS,2002,28.14549708
Russia,RUS,2003,30.31960819
Russia,RUS,2004,30.49040179
Russia,RUS,2005,31.37008022
Russia,RUS,2006,31.2784481
Russia,RUS,2007,32.76964769
Russia,RUS,2008,32.4870358
Russia,RUS,2009,31.08224536
Russia,RUS,2010,30.61286462
Russia,RUS,2011,31.10608832
Russia,RUS,2012,32.16839253
Russia,RUS,2013,32.4486512
Russia,RUS,2014,31.87125176
Russia,RUS,2015,29.69136838
Russia,RUS,2016,28.61499079
Russia,RUS,2017,29.21790265
Russia,RUS,2018,29.88296475
Russia,RUS,2019,30.16583262
Russia,RUS,2020,29.02429484
Rwanda,RWA,2000,40.80334852
Rwanda,RWA,2005,43.88040297
Rwanda,RWA,2010,39.83605416
Rwanda,RWA,2013,37.93146945
Rwanda,RWA,2016,35.63444639
Rwanda - rural,,1984,24.5846182
Saint Lucia,LCA,1995,32.4802867
Saint Lucia,LCA,2016,38.62278936
Samoa,WSM,2002,32.50674233
Samoa,WSM,2008,34.08938481
Samoa,WSM,2013,31.28358182
Sao Tome and Principe,STP,2000,24.54988331
Sao Tome and Principe,STP,2010,24.1789804
Sao Tome and Principe,STP,2017,32.86628737
Senegal,SEN,1991,42.81530005
Senegal,SEN,1994,33.89434652
Senegal,SEN,2001,33.44485895
Senegal,SEN,2005,30.04721686
Senegal,SEN,2011,31.04611823
Senegal,SEN,2018,30.51485472
Serbia,SRB,2002,26.24180341
Serbia,SRB,2003,26.00385796
Serbia,SRB,2004,27.89110037
Serbia,SRB,2005,28.76184312
Serbia,SRB,2006,23.76720937
Serbia,SRB,2007,23.21689182
Serbia,SRB,2008,22.48660701
Serbia,SRB,2009,22.49218567
Serbia,SRB,2010,22.99374397
Serbia,SRB,2012,28.66496417
Serbia,SRB,2013,23.02726053
Serbia,SRB,2014,28.62126773
Serbia,SRB,2015,23.13563537
Serbia,SRB,2016,27.31980687
Serbia,SRB,2017,25.55852092
Serbia,SRB,2018,24.03867644
Serbia,SRB,2019,22.82722212
Seychelles,SYC,1999,34.00560033
Seychelles,SYC,2006,33.74736255
Seychelles,SYC,2013,39.884393
Seychelles,SYC,2018,23.94854297
Sierra Leone,SLE,2003,32.02410868
Sierra Leone,SLE,2011,26.91370848
Sierra Leone,SLE,2018,29.39868199
Slovakia,SVK,1992,18.60699256
Slovakia,SVK,1996,21.42452529
Slovakia,SVK,2004,24.25482916
Slovakia,SVK,2005,24.59106565
Slovakia,SVK,2006,23.71702985
Slovakia,SVK,2007,24.10552427
Slovakia,SVK,2008,23.2562963
Slovakia,SVK,2009,22.41168556
Slovakia,SVK,2010,21.8585793
Slovakia,SVK,2011,20.96267966
Slovakia,SVK,2012,20.50264691
Slovakia,SVK,2013,22.16521182
Slovakia,SVK,2014,20.27913675
Slovakia,SVK,2015,20.94116366
Slovakia,SVK,2016,19.91485936
Slovakia,SVK,2017,18.44994054
Slovakia,SVK,2018,19.55337902
Slovakia,SVK,2019,18.81612408
Slovenia,SVN,1987,20.40051079
Slovenia,SVN,1993,24.47729335
Slovenia,SVN,1997,20.24559285
Slovenia,SVN,1998,23.04071539
Slovenia,SVN,1999,20.25650049
Slovenia,SVN,2002,23.07595077
Slovenia,SVN,2003,23.74419439
Slovenia,SVN,2004,20.64561566
Slovenia,SVN,2005,20.58223861
Slovenia,SVN,2006,20.36004803
Slovenia,SVN,2007,20.38709835
Slovenia,SVN,2008,20.13538002
Slovenia,SVN,2009,20.62291417
Slovenia,SVN,2010,20.73619214
Slovenia,SVN,2011,20.76452894
Slovenia,SVN,2012,21.07356693
Slovenia,SVN,2013,21.4068692
Slovenia,SVN,2014,21.16996717
Slovenia,SVN,2015,21.05658359
Slovenia,SVN,2016,20.63375745
Slovenia,SVN,2017,20.44039454
Slovenia,SVN,2018,20.98089876
Slovenia,SVN,2019,20.74377702
Solomon Islands,SLB,2005,35.74661576
Solomon Islands,SLB,2012,29.24633431
South Africa,ZAF,1993,46.65974564
South Africa,ZAF,2000,44.93052911
South Africa,ZAF,2005,54.22975835
South Africa,ZAF,2008,51.26437628
South Africa,ZAF,2010,51.26033597
South Africa,ZAF,2014,50.49895281
South Korea,KOR,2006,24.00327454
South Korea,KOR,2008,24.45065815
South Korea,KOR,2010,24.17835337
South Korea,KOR,2012,23.75603008
South Korea,KOR,2014,23.63703419
South Korea,KOR,2016,24.02583374
South Sudan,SSD,2009,33.20374011
Spain,ESP,1980,26.2792181
Spain,ESP,1985,26.7258907
Spain,ESP,1990,24.84783064
Spain,ESP,1995,27.46075074
Spain,ESP,2000,26.26615476
Spain,ESP,2003,23.96860902
Spain,ESP,2004,24.85212902
Spain,ESP,2005,24.28939751
Spain,ESP,2006,24.9166528
Spain,ESP,2007,25.56156081
Spain,ESP,2008,25.59064133
Spain,ESP,2009,25.90166
Spain,ESP,2010,26.04264447
Spain,ESP,2011,25.91922239
Spain,ESP,2012,25.78650715
Spain,ESP,2013,25.93064479
Spain,ESP,2014,26.0027435
Spain,ESP,2015,26.23365915
Spain,ESP,2016,25.84769848
Spain,ESP,2017,25.40719671
Spain,ESP,2018,25.33922796
Spain,ESP,2019,24.880827
Sri Lanka,LKA,1985,26.41642231
Sri Lanka,LKA,1990,27.48982476
Sri Lanka,LKA,1995,28.97121183
Sri Lanka,LKA,2002,32.69037526
Sri Lanka,LKA,2006,32.32776008
Sri Lanka,LKA,2009,29.61858001
Sri Lanka,LKA,2012,31.92858978
Sri Lanka,LKA,2016,32.56268442
Sudan,SDN,2009,26.68682404
Sudan,SDN,2014,27.77737206
Suriname - urban,,1999,42.11351417
Sweden,SWE,1967,23.48251905
Sweden,SWE,1975,19.44617215
Sweden,SWE,1981,18.28802958
Sweden,SWE,1987,18.9638786
Sweden,SWE,1992,20.05359882
Sweden,SWE,1995,20.04370396
Sweden,SWE,2000,22.12029298
Sweden,SWE,2003,20.14189156
Sweden,SWE,2004,21.08206585
Sweden,SWE,2005,21.06243276
Sweden,SWE,2006,21.13876544
Sweden,SWE,2007,21.65039589
Sweden,SWE,2008,22.36665012
Sweden,SWE,2009,21.45257058
Sweden,SWE,2010,21.81374553
Sweden,SWE,2011,21.57013864
Sweden,SWE,2012,21.60387078
Sweden,SWE,2013,22.23128486
Sweden,SWE,2014,22.1917509
Sweden,SWE,2015,22.88693043
Sweden,SWE,2016,23.25712841
Sweden,SWE,2017,22.32860517
Sweden,SWE,2018,22.90932028
Sweden,SWE,2019,22.73775031
Switzerland,CHE,1982,28.56106416
Switzerland,CHE,1992,26.35564624
Switzerland,CHE,2000,25.90916755
Switzerland,CHE,2002,24.09284511
Switzerland,CHE,2006,26.03634051
Switzerland,CHE,2007,26.71588819
Switzerland,CHE,2008,26.30848449
Switzerland,CHE,2009,25.6664047
Switzerland,CHE,2010,25.43464719
Switzerland,CHE,2011,24.65219863
Switzerland,CHE,2012,25.00831791
Switzerland,CHE,2013,25.52033741
Switzerland,CHE,2014,25.53685682
Switzerland,CHE,2015,25.24407805
Switzerland,CHE,2016,25.83099714
Switzerland,CHE,2017,25.54796474
Switzerland,CHE,2018,25.78742243
Syria,SYR,1996,28.60386618
Syria,SYR,2003,29.94679251
Taiwan,TWN,1981,24.28667786
Taiwan,TWN,1986,24.3689487
Taiwan,TWN,1991,24.18019544
Taiwan,TWN,1995,24.60475774
Taiwan,TWN,1997,24.54194894
Taiwan,TWN,2000,24.83317049
Taiwan,TWN,2005,25.57348022
Taiwan,TWN,2007,25.28871629
Taiwan,TWN,2010,25.84981052
Taiwan,TWN,2013,25.76938563
Taiwan,TWN,2016,25.12497515
Tajikistan,TJK,1999,23.34681173
Tajikistan,TJK,2003,25.61882652
Tajikistan,TJK,2004,26.56847447
Tajikistan,TJK,2007,25.12289601
Tajikistan,TJK,2009,24.12948607
Tajikistan,TJK,2015,26.39294316
Tanzania,TZA,1991,27.12108119
Tanzania,TZA,2000,28.94181668
Tanzania,TZA,2007,31.92273564
Tanzania,TZA,2011,30.95164202
Tanzania,TZA,2018,33.12075786
Thailand,THA,1981,35.50780918
Thailand,THA,1988,35.32851945
Thailand,THA,1990,36.36217677
Thailand,THA,1992,38.64938075
Thailand,THA,1994,34.88896679
Thailand,THA,1996,34.27697405
Thailand,THA,1998,32.31338033
Thailand,THA,1999,34.06312986
Thailand,THA,2000,33.6877459
Thailand,THA,2002,33.17715713
Thailand,THA,2004,33.78971663
Thailand,THA,2006,32.48851794
Thailand,THA,2007,30.83602255
Thailand,THA,2008,31.13423828
Thailand,THA,2009,30.60277794
Thailand,THA,2010,30.71686385
Thailand,THA,2011,29.90149432
Thailand,THA,2012,30.42985632
Thailand,THA,2013,29.22679378
Thailand,THA,2014,28.67958496
Thailand,THA,2015,28.39726562
Thailand,THA,2016,28.9169387
Thailand,THA,2017,28.42626992
Thailand,THA,2018,28.14873252
Thailand,THA,2019,27.21669531
Thailand,THA,2020,27.01213169
Timor,TLS,2001,28.20888333
Timor,TLS,2007,22.88081165
Timor,TLS,2014,23.98532101
Togo,TGO,2006,32.64200686
Togo,TGO,2011,34.5313554
Togo,TGO,2015,31.56357197
Togo,TGO,2018,32.88085175
Tonga,TON,2000,28.29110695
Tonga,TON,2009,28.92843776
Tonga,TON,2015,29.73517853
Trinidad and Tobago,TTO,1988,31.14383214
Trinidad and Tobago,TTO,1992,29.88623438
Tunisia,TUN,1985,34.08427037
Tunisia,TUN,1990,30.69411137
Tunisia,TUN,1995,31.74940973
Tunisia,TUN,2000,31.56528627
Tunisia,TUN,2005,29.07524712
Tunisia,TUN,2010,27.02743266
Tunisia,TUN,2015,25.57188378
Turkey,TUR,1987,35.1316989
Turkey,TUR,1994,31.95953456
Turkey,TUR,2002,31.85955618
Turkey,TUR,2003,32.40597025
Turkey,TUR,2004,30.83167332
Turkey,TUR,2005,32.76411853
Turkey,TUR,2006,29.56495878
Turkey,TUR,2007,28.23252981
Turkey,TUR,2008,29.44124857
Turkey,TUR,2009,29.20931147
Turkey,TUR,2010,29.29889544
Turkey,TUR,2011,30.49967659
Turkey,TUR,2012,30.50446949
Turkey,TUR,2013,30.57926683
Turkey,TUR,2014,31.60513846
Turkey,TUR,2015,33.45910735
Turkey,TUR,2016,32.08926431
Turkey,TUR,2017,31.91112916
Turkey,TUR,2018,32.62392452
Turkey,TUR,2019,31.6170241
Turkmenistan,TKM,1998,31.52212229
Tuvalu,TUV,2010,30.77859032
Uganda,UGA,1989,33.6963814
Uganda,UGA,1992,33.52091215
Uganda,UGA,1996,31.3411054
Uganda,UGA,1999,34.8944029
Uganda,UGA,2002,37.46615875
Uganda,UGA,2005,34.5271787
Uganda,UGA,2009,36.44272987
Uganda,UGA,2012,32.87115931
Uganda,UGA,2016,34.21103756
Uganda,UGA,2019,34.51216803
Ukraine,UKR,1992,22.85483513
Ukraine,UKR,1993,23.15940995
Ukraine,UKR,1995,30.39890082
Ukraine,UKR,1996,27.57194484
Ukraine,UKR,1999,23.19786812
Ukraine,UKR,2002,23.1684224
Ukraine,UKR,2003,23.3450398
Ukraine,UKR,2004,23.13255001
Ukraine,UKR,2005,23.16819171
Ukraine,UKR,2006,24.10663477
Ukraine,UKR,2007,22.0458832
Ukraine,UKR,2008,21.90212165
Ukraine,UKR,2009,21.15335341
Ukraine,UKR,2010,20.98329238
Ukraine,UKR,2011,20.74978474
Ukraine,UKR,2012,20.77301044
Ukraine,UKR,2013,21.07486706
Ukraine,UKR,2014,20.57094423
Ukraine,UKR,2015,21.58766368
Ukraine,UKR,2016,21.20504506
Ukraine,UKR,2017,21.68463573
Ukraine,UKR,2018,22.01096968
Ukraine,UKR,2019,22.33609421
Ukraine,UKR,2020,21.76691505
United Arab Emirates,ARE,2013,21.43531546
United Kingdom,GBR,1969,26.06856829
United Kingdom,GBR,1974,23.87547817
United Kingdom,GBR,1979,22.37805227
United Kingdom,GBR,1986,24.44325455
United Kingdom,GBR,1991,27.1076194
United Kingdom,GBR,1994,27.84024465
United Kingdom,GBR,1995,27.30360754
United Kingdom,GBR,1996,27.20929874
United Kingdom,GBR,1997,27.56929046
United Kingdom,GBR,1998,28.51897022
United Kingdom,GBR,1999,28.70197595
United Kingdom,GBR,2000,31.93804797
United Kingdom,GBR,2001,30.15570898
United Kingdom,GBR,2002,28.24761835
United Kingdom,GBR,2003,27.95418869
United Kingdom,GBR,2004,27.7707983
United Kingdom,GBR,2005,26.11041195
United Kingdom,GBR,2006,26.73674687
United Kingdom,GBR,2007,27.96857189
United Kingdom,GBR,2008,26.37738357
United Kingdom,GBR,2009,26.5454052
United Kingdom,GBR,2010,26.77568409
United Kingdom,GBR,2011,25.34038392
United Kingdom,GBR,2012,24.60305192
United Kingdom,GBR,2013,25.27369897
United Kingdom,GBR,2014,26.15239733
United Kingdom,GBR,2015,25.40735427
United Kingdom,GBR,2016,26.84322433
United Kingdom,GBR,2017,26.66813056
United States,USA,1974,26.02059284
United States,USA,1979,25.26881604
United States,USA,1986,26.72286564
United States,USA,1991,27.49539776
United States,USA,1992,27.7139543
United States,USA,1993,29.68183624
United States,USA,1994,29.59746893
United States,USA,1995,29.68425468
United States,USA,1996,30.02835735
United States,USA,1997,30.36322709
United States,USA,1998,29.74125615
United States,USA,1999,29.87104985
United States,USA,2000,30.25037476
United States,USA,2001,30.62178407
United States,USA,2002,30.084108
United States,USA,2003,30.21201894
United States,USA,2004,30.09114296
United States,USA,2005,30.77717729
United States,USA,2006,31.1539423
United States,USA,2007,30.39644565
United States,USA,2008,30.30481088
United States,USA,2009,30.36142039
United States,USA,2010,29.26024911
United States,USA,2011,30.17942307
United States,USA,2012,30.23564262
United States,USA,2013,30.01309234
United States,USA,2014,30.65241345
United States,USA,2015,30.49541757
United States,USA,2016,30.4203687
United States,USA,2017,30.25882597
United States,USA,2018,30.74962695
United States,USA,2019,30.77204637
Uruguay,URY,2006,35.03589696
Uruguay,URY,2007,35.42893885
Uruguay,URY,2008,34.2832038
Uruguay,URY,2009,34.55886986
Uruguay,URY,2010,33.60510618
Uruguay,URY,2011,31.62165137
Uruguay,URY,2012,29.23665666
Uruguay,URY,2013,30.05139237
Uruguay,URY,2014,29.80609788
Uruguay,URY,2015,29.81963648
Uruguay,URY,2016,29.63113754
Uruguay,URY,2017,29.63869747
Uruguay,URY,2018,29.6790408
Uruguay,URY,2019,29.68692096
Uruguay,URY,2020,29.88086103
Uruguay - urban,,1981,33.31595197
Uruguay - urban,,1989,32.22919939
Uruguay - urban,,1992,31.38345389
Uruguay - urban,,1995,30.52373822
Uruguay - urban,,1996,30.35951731
Uruguay - urban,,1997,31.17483376
Uruguay - urban,,1998,31.73530963
Uruguay - urban,,2000,32.19768394
Uruguay - urban,,2001,33.73006073
Uruguay - urban,,2002,34.21112104
Uruguay - urban,,2003,34.28100817
Uruguay - urban,,2004,34.67834359
Uruguay - urban,,2005,33.60421757
Uzbekistan,UZB,1998,32.6698106
Uzbekistan,UZB,2000,28.56139412
Uzbekistan,UZB,2002,27.37018806
Uzbekistan,UZB,2003,28.33367271
Vanuatu,VUT,2010,29.12757697
Vanuatu,VUT,2019,24.72878475
Venezuela,VEN,1981,43.44848508
Venezuela,VEN,1987,40.77731225
Venezuela,VEN,1989,32.48978889
Venezuela,VEN,1992,31.59899572
Venezuela,VEN,1995,35.57956088
Venezuela,VEN,1998,35.78182178
Venezuela,VEN,1999,35.98522498
Venezuela,VEN,2001,35.26872395
Venezuela,VEN,2002,36.22658551
Venezuela,VEN,2003,35.10292657
Venezuela,VEN,2004,34.67439594
Venezuela,VEN,2005,36.43311892
Venezuela,VEN,2006,33.18656956
Vietnam,VNM,1992,28.63911965
Vietnam,VNM,1997,29.0526807
Vietnam,VNM,2002,29.84658562
Vietnam,VNM,2004,28.77159804
Vietnam,VNM,2006,27.72311452
Vietnam,VNM,2008,28.0323993
Vietnam,VNM,2010,30.87298388
Vietnam,VNM,2012,27.69024476
Vietnam,VNM,2014,26.84189772
Vietnam,VNM,2016,27.11811106
Vietnam,VNM,2018,27.461965
Yemen,YEM,1998,26.82937822
Yemen,YEM,2005,28.63652239
Yemen,YEM,2014,29.43562494
Zambia,ZMB,1991,42.93146069
Zambia,ZMB,1993,39.28040958
Zambia,ZMB,1996,37.32990528
Zambia,ZMB,1998,38.15975723
Zambia,ZMB,2002,33.72056486
Zambia,ZMB,2004,42.66792252
Zambia,ZMB,2006,43.16186213
Zambia,ZMB,2010,45.23262375
Zambia,ZMB,2015,44.3808936
Zimbabwe,ZWE,2011,33.83012609
Zimbabwe,ZWE,2017,34.80777892
