Country,Code,Year,P90,P10
Albania,ALB,1996,13.18,3.7
Albania,ALB,2002,13.98,3.51
Albania,ALB,2005,15.44,3.99
Albania,ALB,2008,16.44,4.6
Albania,ALB,2012,16,4.41
Albania,ALB,2014,19.06,3.68
Albania,ALB,2015,22.06,4.8
Albania,ALB,2016,23.16,4.7
Albania,ALB,2017,22.72,4.91
Albania,ALB,2018,23.32,5.47
Albania,ALB,2019,27.58,6.65
Algeria,DZA,1988,12.62,2.46
Algeria,DZA,1995,13.12,2.54
Algeria,DZA,2011,15.06,4.49
Angola,AGO,2000,14.48,1.18
Angola,AGO,2008,12.54,1.83
Angola,AGO,2018,10.72,1.07
Argentina - urban,,1980,63.55,8.82
Argentina - urban,,1986,69.75,9.82
Argentina - urban,,1987,64,7.65
Argentina - urban,,1991,43.8,5.75
Argentina - urban,,1992,47.4,5.87
Argentina - urban,,1993,46.75,5.54
Argentina - urban,,1994,45.8,5.35
Argentina - urban,,1995,46.7,4.51
Argentina - urban,,1996,44.7,4.07
Argentina - urban,,1997,48.2,4.33
Argentina - urban,,1998,45.9,3.91
Argentina - urban,,1999,44.35,3.76
Argentina - urban,,2000,43.7,3.43
Argentina - urban,,2001,41.6,2.54
Argentina - urban,,2002,28.1,1.87
Argentina - urban,,2003,38.85,3.21
Argentina - urban,,2004,42.35,3.74
Argentina - urban,,2005,45.35,4.21
Argentina - urban,,2006,49.4,4.92
Argentina - urban,,2007,51.25,5.34
Argentina - urban,,2008,51.95,5.53
Argentina - urban,,2009,53.35,5.91
Argentina - urban,,2010,54.8,6.41
Argentina - urban,,2011,58.4,7.19
Argentina - urban,,2012,56.75,7.5
Argentina - urban,,2013,57.15,7.5
Argentina - urban,,2014,54.05,7.13
Argentina - urban,,2016,56.25,7.27
Argentina - urban,,2017,58.4,7.86
Argentina - urban,,2018,53.25,7
Argentina - urban,,2019,52.25,6.43
Argentina - urban,,2020,46.15,5.68
Armenia,ARM,1996,12.64,1.89
Armenia,ARM,1999,8.69,2.03
Armenia,ARM,2001,8.64,1.92
Armenia,ARM,2002,8.81,2.15
Armenia,ARM,2003,8.38,2.33
Armenia,ARM,2004,10.92,2.59
Armenia,ARM,2005,11.76,3.04
Armenia,ARM,2006,11.22,3.2
Armenia,ARM,2007,13.1,3.36
Armenia,ARM,2008,13.04,3.75
Armenia,ARM,2009,11.64,3.4
Armenia,ARM,2010,11.76,3.37
Armenia,ARM,2011,11.98,3.38
Armenia,ARM,2012,12.26,3.51
Armenia,ARM,2013,13.12,3.5
Armenia,ARM,2014,13.18,3.52
Armenia,ARM,2015,13.64,3.7
Armenia,ARM,2016,15.06,3.7
Armenia,ARM,2017,14.08,3.85
Armenia,ARM,2018,14,3.71
Armenia,ARM,2019,12.56,3.67
Armenia,ARM,2020,11.74,4.01
Australia,AUS,1981,68.75,15.78
Australia,AUS,1985,72.65,16.08
Australia,AUS,1989,74.25,16.08
Australia,AUS,1995,67.75,15.3
Australia,AUS,2001,78,17.32
Australia,AUS,2003,80.2,17.94
Australia,AUS,2004,86.25,20.34
Australia,AUS,2008,109.2,23.8
Australia,AUS,2010,108.7,24.04
Australia,AUS,2014,114.6,26.16
Australia,AUS,2016,111.6,25.42
Australia,AUS,2018,113.4,25.06
Austria,AUT,1987,74.55,26.06
Austria,AUT,1994,87.7,23.18
Austria,AUT,1995,77.7,17.26
Austria,AUT,1997,86.9,22.3
Austria,AUT,2000,89.2,24.58
Austria,AUT,2003,91.1,24.9
Austria,AUT,2004,96.4,26.38
Austria,AUT,2005,91.3,26
Austria,AUT,2006,93.6,26.26
Austria,AUT,2007,100.8,25.5
Austria,AUT,2008,99.7,26.12
Austria,AUT,2009,104,25.92
Austria,AUT,2010,105.2,27.1
Austria,AUT,2011,104.5,26.68
Austria,AUT,2012,101.6,25.4
Austria,AUT,2013,105,27.58
Austria,AUT,2014,102.6,26.92
Austria,AUT,2015,102.1,26.52
Austria,AUT,2016,107.8,27.7
Austria,AUT,2017,106.5,27.86
Austria,AUT,2018,108.5,27.9
Austria,AUT,2019,111.4,28.36
Azerbaijan,AZE,1995,9.26,1.99
Azerbaijan,AZE,2001,11.44,2.48
Azerbaijan,AZE,2002,12.6,4.6
Azerbaijan,AZE,2003,13.28,4.47
Azerbaijan,AZE,2004,13.48,4.74
Azerbaijan,AZE,2005,15.26,5.35
Bangladesh,BGD,1983,4.32,1.4
Bangladesh,BGD,1988,4.47,1.33
Bangladesh,BGD,1991,4.35,1.36
Bangladesh,BGD,1995,5.57,1.51
Bangladesh,BGD,2000,5.99,1.53
Bangladesh,BGD,2005,6.6,1.71
Bangladesh,BGD,2010,7.03,1.86
Bangladesh,BGD,2016,7.62,2
Belarus,BLR,1993,9.2,3.4
Belarus,BLR,1995,15.08,4.13
Belarus,BLR,1998,6.84,1.62
Belarus,BLR,1999,7.28,1.67
Belarus,BLR,2000,7.95,1.92
Belarus,BLR,2001,9.7,2.46
Belarus,BLR,2002,10.7,2.76
Belarus,BLR,2003,10.98,2.93
Belarus,BLR,2004,11.94,3.55
Belarus,BLR,2005,14.76,4.18
Belarus,BLR,2006,17.28,4.72
Belarus,BLR,2007,20.22,5.39
Belarus,BLR,2008,20.14,5.8
Belarus,BLR,2009,20.5,5.97
Belarus,BLR,2010,23.6,6.45
Belarus,BLR,2011,23.58,6.86
Belarus,BLR,2012,26,8.01
Belarus,BLR,2013,28.7,8.98
Belarus,BLR,2014,30.1,9.19
Belarus,BLR,2015,27.14,8.52
Belarus,BLR,2016,25.68,8.41
Belarus,BLR,2017,26.78,8.69
Belarus,BLR,2018,28.72,9.49
Belarus,BLR,2019,30.15,10
Belarus,BLR,2020,29.78,10.24
Belgium,BEL,1985,54.6,17.54
Belgium,BEL,1988,56.9,18.46
Belgium,BEL,1992,61.3,20.02
Belgium,BEL,1995,75.15,21.44
Belgium,BEL,1997,75.3,21.98
Belgium,BEL,2000,81.4,24.34
Belgium,BEL,2003,80.55,22.44
Belgium,BEL,2004,82.05,23.28
Belgium,BEL,2005,83.95,24.14
Belgium,BEL,2006,84.35,23.82
Belgium,BEL,2007,86.3,24.04
Belgium,BEL,2008,87,24.64
Belgium,BEL,2009,87.8,24.4
Belgium,BEL,2010,87.2,24.62
Belgium,BEL,2011,85.9,23.7
Belgium,BEL,2012,87.75,25.18
Belgium,BEL,2013,87.95,24.38
Belgium,BEL,2014,88.45,24.74
Belgium,BEL,2015,89.75,24.76
Belgium,BEL,2016,88.55,24.66
Belgium,BEL,2017,89.5,25.22
Belgium,BEL,2018,90.05,25.98
Belgium,BEL,2019,93.15,27.7
Belize,BLZ,1993,18.12,1.72
Belize,BLZ,1994,16.68,1.85
Belize,BLZ,1995,27.7,1.54
Belize,BLZ,1996,15.52,1.49
Belize,BLZ,1997,15.36,1.27
Belize,BLZ,1998,16.54,1.4
Belize,BLZ,1999,15.88,1.44
Benin,BEN,2003,5.05,1
Benin,BEN,2011,6.07,0.94
Benin,BEN,2015,5.71,0.45
Benin,BEN,2018,8.58,1.71
Bhutan,BTN,2003,11.32,2.05
Bhutan,BTN,2007,13.54,2.47
Bhutan,BTN,2012,18.12,3.45
Bhutan,BTN,2017,20.92,3.72
Bolivia,BOL,1997,28.4,1.29
Bolivia,BOL,1999,27.24,0.63
Bolivia,BOL,2000,23.58,0.5
Bolivia,BOL,2001,24.06,1.01
Bolivia,BOL,2002,23.58,0.9
Bolivia,BOL,2004,26.96,2.1
Bolivia,BOL,2005,30.4,1.25
Bolivia,BOL,2006,32.35,1.71
Bolivia,BOL,2007,31.9,2.23
Bolivia,BOL,2008,32.5,2.53
Bolivia,BOL,2009,33.25,2.64
Bolivia,BOL,2011,37.3,3.57
Bolivia,BOL,2012,38.55,3.34
Bolivia,BOL,2013,42,3.9
Bolivia,BOL,2014,40.95,4.03
Bolivia,BOL,2015,39.4,4.08
Bolivia,BOL,2016,38.35,3.63
Bolivia,BOL,2017,39.05,3.95
Bolivia,BOL,2018,37.45,4.33
Bolivia,BOL,2019,38.45,5.32
Bolivia,BOL,2020,39.3,4.86
Bolivia - urban,,1990,22.08,3.05
Bolivia - urban,,1992,18.34,2.3
Bosnia and Herzegovina,BIH,2001,21.06,6.29
Bosnia and Herzegovina,BIH,2004,37.1,7.83
Bosnia and Herzegovina,BIH,2007,40.05,8.63
Bosnia and Herzegovina,BIH,2011,37.9,8.24
Botswana,BWA,1985,9.41,0.83
Botswana,BWA,1993,11.62,1
Botswana,BWA,2002,21.84,1.14
Botswana,BWA,2009,22.34,1.63
Botswana,BWA,2015,19.16,1.81
Brazil,BRA,1981,18.16,1.21
Brazil,BRA,1982,18.86,1.2
Brazil,BRA,1983,16.14,1.02
Brazil,BRA,1984,15.7,1.06
Brazil,BRA,1985,17.38,1.16
Brazil,BRA,1986,29.42,1.93
Brazil,BRA,1987,23.1,1.35
Brazil,BRA,1988,23.14,1.21
Brazil,BRA,1989,26.6,1.3
Brazil,BRA,1990,21.26,1.17
Brazil,BRA,1992,16.92,1.14
Brazil,BRA,1993,20.4,1.19
Brazil,BRA,1995,28.4,1.65
Brazil,BRA,1996,27.94,1.56
Brazil,BRA,1997,27.8,1.58
Brazil,BRA,1998,28.48,1.69
Brazil,BRA,1999,26.82,1.65
Brazil,BRA,2001,30.1,1.8
Brazil,BRA,2002,30.3,1.94
Brazil,BRA,2003,28.86,1.86
Brazil,BRA,2004,28.72,2.01
Brazil,BRA,2005,29.58,2.16
Brazil,BRA,2006,31.75,2.42
Brazil,BRA,2007,32.6,2.51
Brazil,BRA,2008,34.3,2.8
Brazil,BRA,2009,35.1,2.89
Brazil,BRA,2011,37,3.27
Brazil,BRA,2012,39.4,3.47
Brazil,BRA,2013,41.65,3.78
Brazil,BRA,2014,42.5,3.97
Brazil,BRA,2015,41.35,3.81
Brazil,BRA,2016,41.75,3.51
Brazil,BRA,2017,41.3,3.43
Brazil,BRA,2018,42.85,3.43
Brazil,BRA,2019,42.5,3.42
Brazil,BRA,2020,40.55,4.99
Bulgaria,BGR,1989,39.45,13.7
Bulgaria,BGR,1992,36,9.08
Bulgaria,BGR,1994,22.48,7.87
Bulgaria,BGR,1995,22.3,5.57
Bulgaria,BGR,1997,12.08,3.95
Bulgaria,BGR,2001,18.54,3.99
Bulgaria,BGR,2003,16.42,4.64
Bulgaria,BGR,2006,19.38,3.3
Bulgaria,BGR,2007,21.74,6.06
Bulgaria,BGR,2008,31.25,6.47
Bulgaria,BGR,2009,31.85,6.37
Bulgaria,BGR,2010,31,5.61
Bulgaria,BGR,2011,27.74,5.44
Bulgaria,BGR,2012,29.66,5.58
Bulgaria,BGR,2013,33.85,5.47
Bulgaria,BGR,2014,35.9,6.54
Bulgaria,BGR,2015,35.3,5.29
Bulgaria,BGR,2016,40.1,6.54
Bulgaria,BGR,2017,39.65,6.99
Bulgaria,BGR,2018,46.35,8.01
Bulgaria,BGR,2019,49.2,8.45
Burkina Faso,BFA,1994,3.1,0.46
Burkina Faso,BFA,1998,3.47,0.52
Burkina Faso,BFA,2003,5.36,0.84
Burkina Faso,BFA,2009,5.11,0.99
Burkina Faso,BFA,2014,5.76,1.41
Burkina Faso,BFA,2018,10.76,1.38
Burundi,BDI,1992,3.17,0.73
Burundi,BDI,1998,2.93,0.44
Burundi,BDI,2006,3.58,0.91
Burundi,BDI,2013,4.23,0.82
Cameroon,CMR,1996,6.58,1.02
Cameroon,CMR,2001,8.64,1.5
Cameroon,CMR,2007,8.65,1.28
Cameroon,CMR,2014,11.78,1.34
Canada,CAN,1971,61.8,9.97
Canada,CAN,1975,72.75,14.94
Canada,CAN,1981,81,17.52
Canada,CAN,1987,82.7,18.74
Canada,CAN,1991,82.2,18.94
Canada,CAN,1994,84.8,19.4
Canada,CAN,1997,84.2,18.82
Canada,CAN,1998,85.65,18.76
Canada,CAN,2000,86.95,18.66
Canada,CAN,2004,94.85,19.88
Canada,CAN,2007,103.7,22.68
Canada,CAN,2010,105.4,22.64
Canada,CAN,2012,109.5,22.28
Canada,CAN,2013,112,21.78
Canada,CAN,2014,110.5,23.8
Canada,CAN,2015,112.8,23.1
Canada,CAN,2016,109.6,24.84
Canada,CAN,2017,114.5,24.82
Cape Verde,CPV,2001,14.98,1.59
Cape Verde,CPV,2007,16.56,2.12
Cape Verde,CPV,2015,19.38,2.74
Central African Republic,CAF,1992,3.35,0.14
Central African Republic,CAF,2008,5.72,0.53
Chad,TCD,2003,4.69,0.84
Chad,TCD,2011,7.52,0.95
Chad,TCD,2018,7,1.4
Chile,CHL,1987,21.06,1.76
Chile,CHL,1990,24.18,2.09
Chile,CHL,1992,24.32,2.53
Chile,CHL,1994,28.56,2.56
Chile,CHL,1996,30.6,2.89
Chile,CHL,1998,33.25,3
Chile,CHL,2000,27.86,2.85
Chile,CHL,2003,26.94,2.95
Chile,CHL,2006,30.05,4.03
Chile,CHL,2009,31.95,4.54
Chile,CHL,2011,34.95,4.98
Chile,CHL,2013,40.95,6.27
Chile,CHL,2015,42.95,6.79
Chile,CHL,2017,46.95,7.52
Chile,CHL,2020,51.15,7.45
China,CHN,1981,2.05,0.54
China,CHN,1984,2.59,0.72
China,CHN,1987,3.26,0.8
China,CHN,1990,3.28,0.8
China,CHN,1993,4.02,0.85
China,CHN,1996,5.09,1.03
China,CHN,1999,5.88,1
China,CHN,2002,7.71,1.1
China,CHN,2005,9.87,1.51
China,CHN,2008,12.22,1.63
China,CHN,2010,14.38,1.86
China,CHN,2011,15.24,2.13
China,CHN,2012,16.68,2.3
China,CHN,2013,18.54,3.06
China,CHN,2014,19.94,3.34
China,CHN,2015,21.16,3.68
China,CHN,2016,22.6,3.95
China,CHN,2017,23.96,4.1
China,CHN,2018,25.48,4.44
China,CHN,2019,26.72,4.84
China - rural,,1981,1.58,0.51
China - rural,,1984,2.24,0.67
China - rural,,1987,2.82,0.73
China - rural,,1990,2.55,0.75
China - rural,,1993,2.9,0.78
China - rural,,1996,3.9,0.94
China - rural,,1999,3.98,0.89
China - rural,,2002,4.7,0.95
China - rural,,2005,6,1.29
China - rural,,2008,7.09,1.33
China - rural,,2010,8.01,1.49
China - rural,,2011,8.61,1.69
China - rural,,2012,9.61,1.79
China - rural,,2013,11.24,2.53
China - rural,,2014,12.3,2.76
China - rural,,2015,13.22,3.05
China - rural,,2016,14.02,3.25
China - rural,,2017,15,3.39
China - rural,,2018,16.16,3.74
China - rural,,2019,17.06,4.17
China - urban,,1981,2.69,1.19
China - urban,,1984,3.06,1.39
China - urban,,1987,3.83,1.57
China - urban,,1990,4.33,1.35
China - urban,,1993,5.53,1.57
China - urban,,1996,6.57,1.78
China - urban,,1999,7.89,1.9
China - urban,,2002,10.12,2.37
China - urban,,2005,12.72,2.82
China - urban,,2008,15.62,3.42
China - urban,,2010,18.18,3.87
China - urban,,2011,19.12,4.12
China - urban,,2012,20.66,4.41
China - urban,,2013,22.96,4.36
China - urban,,2014,24.38,4.58
China - urban,,2015,25.62,4.93
China - urban,,2016,27.24,5.2
China - urban,,2017,28.62,5.25
China - urban,,2018,30.2,5.43
China - urban,,2019,31.5,5.73
Colombia,COL,1992,21.76,2.21
Colombia,COL,1996,18.32,1.22
Colombia,COL,1999,18.5,0.95
Colombia,COL,2000,19.96,0.92
Colombia,COL,2001,16.64,1.07
Colombia,COL,2002,20.76,1.73
Colombia,COL,2003,20.34,1.81
Colombia,COL,2004,21.32,1.96
Colombia,COL,2005,22.76,2.08
Colombia,COL,2008,25.94,2.02
Colombia,COL,2009,25.7,2.2
Colombia,COL,2010,27.86,2.38
Colombia,COL,2011,28.86,2.62
Colombia,COL,2012,29.24,2.67
Colombia,COL,2013,30.7,2.82
Colombia,COL,2014,31.95,2.99
Colombia,COL,2015,31.1,3.15
Colombia,COL,2016,30.05,3.17
Colombia,COL,2017,29.98,3.31
Colombia,COL,2018,30.6,3.28
Colombia,COL,2019,31,3.04
Colombia,COL,2020,26.88,2.02
Colombia - urban,,1980,19.36,1.23
Colombia - urban,,1988,20.88,1.62
Colombia - urban,,1989,20.22,1.76
Colombia - urban,,1991,21.22,1.79
Comoros,COM,2004,14.96,1.77
Comoros,COM,2014,13.08,1.48
Congo,COG,2005,6.91,0.85
Congo,COG,2011,8.62,0.99
Costa Rica,CRI,1981,12.82,0.97
Costa Rica,CRI,1986,11.52,1.67
Costa Rica,CRI,1989,19.96,2.03
Costa Rica,CRI,1990,20.2,2.08
Costa Rica,CRI,1991,19.14,1.86
Costa Rica,CRI,1992,19.78,2.16
Costa Rica,CRI,1993,23.3,2.44
Costa Rica,CRI,1994,26.06,2.83
Costa Rica,CRI,1995,24.94,2.64
Costa Rica,CRI,1996,24.36,2.47
Costa Rica,CRI,1997,25.86,2.9
Costa Rica,CRI,1998,28.52,3.32
Costa Rica,CRI,1999,28.36,2.85
Costa Rica,CRI,2000,27.56,2.78
Costa Rica,CRI,2001,39.4,3.31
Costa Rica,CRI,2002,39.65,3.54
Costa Rica,CRI,2003,39,3.56
Costa Rica,CRI,2004,35.6,3.7
Costa Rica,CRI,2005,37.55,4.04
Costa Rica,CRI,2006,38.7,4.03
Costa Rica,CRI,2007,42.15,4.68
Costa Rica,CRI,2008,42.7,4.83
Costa Rica,CRI,2009,47.95,4.89
Costa Rica,CRI,2010,49.25,5.39
Costa Rica,CRI,2011,50.85,5.26
Costa Rica,CRI,2012,52.2,5.49
Costa Rica,CRI,2013,54.5,5.42
Costa Rica,CRI,2014,53.75,5.48
Costa Rica,CRI,2015,53.4,5.54
Costa Rica,CRI,2016,54.95,5.81
Costa Rica,CRI,2017,57,6.09
Costa Rica,CRI,2018,54.95,5.72
Costa Rica,CRI,2019,54.4,5.89
Costa Rica,CRI,2020,47.95,4.68
Cote d'Ivoire,CIV,1985,17.12,2.31
Cote d'Ivoire,CIV,1986,14.04,2.64
Cote d'Ivoire,CIV,1987,12.68,2.2
Cote d'Ivoire,CIV,1988,9.81,1.89
Cote d'Ivoire,CIV,1992,8.36,1.35
Cote d'Ivoire,CIV,1995,8.34,1.55
Cote d'Ivoire,CIV,1998,7.79,1.29
Cote d'Ivoire,CIV,2002,8.12,1.31
Cote d'Ivoire,CIV,2008,7.91,1.04
Cote d'Ivoire,CIV,2015,7.51,1.18
Cote d'Ivoire,CIV,2018,10.72,2.07
Croatia,HRV,1998,65.5,17.82
Croatia,HRV,1999,31.25,9.56
Croatia,HRV,2000,37.95,9.47
Croatia,HRV,2001,36.2,8.87
Croatia,HRV,2004,55.35,14.86
Croatia,HRV,2008,55,13.4
Croatia,HRV,2009,56.2,13.32
Croatia,HRV,2010,42.9,12.96
Croatia,HRV,2011,38.45,7.94
Croatia,HRV,2012,37.05,7.43
Croatia,HRV,2013,35.2,7.71
Croatia,HRV,2014,37.2,8.19
Croatia,HRV,2015,38.45,8.44
Croatia,HRV,2016,41.75,9.32
Croatia,HRV,2017,43.1,9.86
Croatia,HRV,2018,45.8,11.38
Croatia,HRV,2019,47.65,12.24
Cyprus,CYP,2004,74.25,20.82
Cyprus,CYP,2005,79.2,22.54
Cyprus,CYP,2006,83.2,24.08
Cyprus,CYP,2007,87.9,24.16
Cyprus,CYP,2008,88.8,23.6
Cyprus,CYP,2009,86.8,22.9
Cyprus,CYP,2010,89.15,23.66
Cyprus,CYP,2011,89,23.24
Cyprus,CYP,2012,84.4,20.62
Cyprus,CYP,2013,79.5,19.02
Cyprus,CYP,2014,76.25,17.46
Cyprus,CYP,2015,77.05,18.08
Cyprus,CYP,2016,79.35,19.82
Cyprus,CYP,2017,81.3,20.58
Cyprus,CYP,2018,84.5,22.5
Cyprus,CYP,2019,86.65,23
Czechia,CZE,1992,26.36,11.18
Czechia,CZE,1993,31,10.72
Czechia,CZE,1996,35.25,11.7
Czechia,CZE,2002,39.8,12.36
Czechia,CZE,2004,42.3,12.76
Czechia,CZE,2005,43.05,13.26
Czechia,CZE,2006,46,14.28
Czechia,CZE,2007,47.7,15.78
Czechia,CZE,2008,47.85,16.36
Czechia,CZE,2009,49.15,16.36
Czechia,CZE,2010,50.5,15.76
Czechia,CZE,2011,49.65,15.68
Czechia,CZE,2012,49.35,15.86
Czechia,CZE,2013,49.45,15.6
Czechia,CZE,2014,50.35,16.58
Czechia,CZE,2015,52.25,17.38
Czechia,CZE,2016,53.8,18.42
Czechia,CZE,2017,55.8,19.32
Czechia,CZE,2018,59.3,20.22
Czechia,CZE,2019,62.45,21.08
Democratic Republic of Congo,COD,2004,1.98,0.3
Democratic Republic of Congo,COD,2012,4.03,0.58
Denmark,DNK,1987,75.75,24.82
Denmark,DNK,1992,73.45,25.52
Denmark,DNK,1995,74.6,27.68
Denmark,DNK,2000,81,28.92
Denmark,DNK,2003,79.85,26.78
Denmark,DNK,2004,81.7,27.7
Denmark,DNK,2005,82.4,28.24
Denmark,DNK,2006,84.5,28.78
Denmark,DNK,2007,86.05,29.22
Denmark,DNK,2008,85.75,29.22
Denmark,DNK,2009,88.4,28.1
Denmark,DNK,2010,92.2,28.98
Denmark,DNK,2011,91.1,29.08
Denmark,DNK,2012,91.05,28.76
Denmark,DNK,2013,93.55,28.16
Denmark,DNK,2014,93.35,29.14
Denmark,DNK,2015,92,29.82
Denmark,DNK,2016,93.6,29.46
Denmark,DNK,2017,97.1,29.76
Denmark,DNK,2018,99.75,30.55
Denmark,DNK,2019,96.2,31.5
Djibouti,DJI,2002,8.82,1.5
Djibouti,DJI,2012,11.1,1.3
Djibouti,DJI,2013,10.04,1.39
Djibouti,DJI,2017,10.16,1.55
Dominican Republic,DOM,1986,26.2,2.64
Dominican Republic,DOM,1989,15.24,1.64
Dominican Republic,DOM,1992,18.66,2.41
Dominican Republic,DOM,1996,23.96,2.67
Dominican Republic,DOM,1997,25.04,2.73
Dominican Republic,DOM,2000,27.48,2.68
Dominican Republic,DOM,2001,27.2,2.86
Dominican Republic,DOM,2002,26.04,2.56
Dominican Republic,DOM,2003,22.76,2.31
Dominican Republic,DOM,2004,19.28,2
Dominican Republic,DOM,2005,23.96,2.41
Dominican Republic,DOM,2006,25.86,2.62
Dominican Republic,DOM,2007,23.98,2.71
Dominican Republic,DOM,2008,22.68,2.78
Dominican Republic,DOM,2009,24.8,2.89
Dominican Republic,DOM,2010,25.62,2.93
Dominican Republic,DOM,2011,24.56,3.13
Dominican Republic,DOM,2012,23.66,3.07
Dominican Republic,DOM,2013,25.28,3.22
Dominican Republic,DOM,2014,27.62,3.53
Dominican Republic,DOM,2015,29.68,3.82
Dominican Republic,DOM,2016,31.45,3.97
Dominican Republic,DOM,2017,27.7,4.54
Dominican Republic,DOM,2018,29.3,4.85
Dominican Republic,DOM,2019,30.8,5.14
Dominican Republic,DOM,2020,27.52,4.67
East Asia and Pacific,,1990,4.11,0.82
East Asia and Pacific,,1991,4.26,0.83
East Asia and Pacific,,1992,4.53,0.85
East Asia and Pacific,,1993,4.82,0.88
East Asia and Pacific,,1994,5.19,0.94
East Asia and Pacific,,1995,5.59,1
East Asia and Pacific,,1996,6.01,1.05
East Asia and Pacific,,1997,6.2,1.04
East Asia and Pacific,,1998,6.29,1
East Asia and Pacific,,1999,6.6,1.05
East Asia and Pacific,,2000,7.11,1.1
East Asia and Pacific,,2001,7.56,1.13
East Asia and Pacific,,2002,8.3,1.19
East Asia and Pacific,,2003,8.77,1.28
East Asia and Pacific,,2004,9.39,1.39
East Asia and Pacific,,2005,10.26,1.56
East Asia and Pacific,,2006,10.84,1.57
East Asia and Pacific,,2007,11.72,1.65
East Asia and Pacific,,2008,12.36,1.69
East Asia and Pacific,,2009,13.2,1.79
East Asia and Pacific,,2010,14.58,1.92
East Asia and Pacific,,2011,15.42,2.12
East Asia and Pacific,,2012,16.7,2.25
East Asia and Pacific,,2013,18.26,2.72
East Asia and Pacific,,2014,19.38,2.9
East Asia and Pacific,,2015,20.5,3.13
East Asia and Pacific,,2016,21.7,3.32
East Asia and Pacific,,2017,22.84,3.49
East Asia and Pacific,,2018,24.12,3.73
East Asia and Pacific,,2019,25.16,4
Ecuador,ECU,1994,16.42,1.42
Ecuador,ECU,1999,16.28,1.11
Ecuador,ECU,2000,12.28,1.06
Ecuador,ECU,2003,19.94,1.68
Ecuador,ECU,2004,19.46,1.65
Ecuador,ECU,2005,23.4,1.94
Ecuador,ECU,2006,24.92,2.4
Ecuador,ECU,2007,26.86,2.41
Ecuador,ECU,2008,26.2,2.6
Ecuador,ECU,2009,24.68,2.64
Ecuador,ECU,2010,27.44,2.93
Ecuador,ECU,2011,28.52,3.16
Ecuador,ECU,2012,30.5,3.36
Ecuador,ECU,2013,30.85,3.61
Ecuador,ECU,2014,30.9,3.89
Ecuador,ECU,2015,31.05,3.75
Ecuador,ECU,2016,30.15,3.76
Ecuador,ECU,2017,31.4,3.88
Ecuador,ECU,2018,32,3.68
Ecuador,ECU,2019,30.8,3.69
Ecuador,ECU,2020,27.5,2.87
Ecuador - urban,,1987,16.4,1.39
Ecuador - urban,,1995,16.78,1.77
Ecuador - urban,,1998,16.84,1.65
Egypt,EGY,1990,9.24,2.44
Egypt,EGY,1995,8.57,2.62
Egypt,EGY,1999,10.5,3.08
Egypt,EGY,2004,9.6,2.71
Egypt,EGY,2008,9.45,2.8
Egypt,EGY,2010,10.64,3.17
Egypt,EGY,2012,10.68,3.42
Egypt,EGY,2015,11.56,3.42
Egypt,EGY,2017,10.3,2.92
El Salvador,SLV,1989,15.94,1.11
El Salvador,SLV,1991,15.64,1.06
El Salvador,SLV,1995,17.18,1.74
El Salvador,SLV,1996,17.7,1.61
El Salvador,SLV,1998,18.82,0.89
El Salvador,SLV,1999,19.96,1.21
El Salvador,SLV,2000,22.4,1.79
El Salvador,SLV,2001,21.68,1.62
El Salvador,SLV,2002,21.56,1.58
El Salvador,SLV,2003,19.82,1.4
El Salvador,SLV,2004,19.94,1.93
El Salvador,SLV,2005,20.26,2
El Salvador,SLV,2006,19.38,2.45
El Salvador,SLV,2007,20.14,2.88
El Salvador,SLV,2008,20.64,2.43
El Salvador,SLV,2009,19,2.49
El Salvador,SLV,2010,19.42,2.61
El Salvador,SLV,2011,18.36,2.75
El Salvador,SLV,2012,18.62,2.96
El Salvador,SLV,2013,20.58,3.13
El Salvador,SLV,2014,20.48,3.2
El Salvador,SLV,2015,19.98,3.46
El Salvador,SLV,2016,20.64,3.41
El Salvador,SLV,2017,20.34,3.69
El Salvador,SLV,2018,22.42,3.82
El Salvador,SLV,2019,24.64,4.26
Estonia,EST,1993,22.18,4.19
Estonia,EST,1995,18.08,4.22
Estonia,EST,1998,24.04,4.58
Estonia,EST,2000,21.92,4.36
Estonia,EST,2001,21.24,4.3
Estonia,EST,2002,21.82,4.34
Estonia,EST,2003,21.34,4.36
Estonia,EST,2004,25.24,5.02
Estonia,EST,2005,34.65,7.72
Estonia,EST,2006,39.35,9.23
Estonia,EST,2007,45.05,11.02
Estonia,EST,2008,46.15,11.1
Estonia,EST,2009,43.75,10.34
Estonia,EST,2010,41.3,9.01
Estonia,EST,2011,43.8,9.63
Estonia,EST,2012,46.6,10.12
Estonia,EST,2013,52.3,10.04
Estonia,EST,2014,56.9,11.5
Estonia,EST,2015,60.8,12.92
Estonia,EST,2016,63.85,14.7
Estonia,EST,2017,66.55,15.82
Estonia,EST,2018,70.7,16.66
Estonia,EST,2019,73.75,17.86
Eswatini,SWZ,1994,2.73,0.19
Eswatini,SWZ,2000,7.1,0.81
Eswatini,SWZ,2009,8.1,0.76
Eswatini,SWZ,2016,12.88,1.07
Ethiopia,ETH,1995,4.09,0.83
Ethiopia,ETH,1999,3.96,1.19
Ethiopia,ETH,2004,4.87,1.53
Ethiopia,ETH,2010,5.57,1.41
Ethiopia,ETH,2015,6.56,1.39
Ethiopia - rural,,1981,3.41,0.98
Europe and Central Asia,,1990,27.8,3.56
Europe and Central Asia,,1991,25.14,3.34
Europe and Central Asia,,1992,22.86,2.91
Europe and Central Asia,,1993,20.06,2.69
Europe and Central Asia,,1994,19.82,2.36
Europe and Central Asia,,1995,21.16,2.39
Europe and Central Asia,,1996,20.46,2.37
Europe and Central Asia,,1997,20.32,2.5
Europe and Central Asia,,1998,20.62,2.49
Europe and Central Asia,,1999,18.42,2.17
Europe and Central Asia,,2000,19.28,2.27
Europe and Central Asia,,2001,20.04,2.42
Europe and Central Asia,,2002,21.34,2.62
Europe and Central Asia,,2003,23.12,2.69
Europe and Central Asia,,2004,25.1,2.99
Europe and Central Asia,,2005,26.16,3.05
Europe and Central Asia,,2006,27.66,3.42
Europe and Central Asia,,2007,30.1,3.74
Europe and Central Asia,,2008,32.35,4.14
Europe and Central Asia,,2009,31.65,4.21
Europe and Central Asia,,2010,32.9,4.28
Europe and Central Asia,,2011,33.8,4.42
Europe and Central Asia,,2012,34.55,4.48
Europe and Central Asia,,2013,35.4,4.67
Europe and Central Asia,,2014,35.5,4.55
Europe and Central Asia,,2015,34.75,4.61
Europe and Central Asia,,2016,35.3,4.81
Europe and Central Asia,,2017,35.95,4.89
Europe and Central Asia,,2018,36.5,5.22
Europe and Central Asia,,2019,38.3,5.18
Fiji,FJI,2002,18.66,3.41
Fiji,FJI,2008,19.8,3.74
Fiji,FJI,2013,19.12,4.16
Fiji,FJI,2019,13.88,3.36
Finland,FIN,1987,53.85,20.14
Finland,FIN,1991,61.95,22.74
Finland,FIN,1995,57.3,20.98
Finland,FIN,2000,68,21.38
Finland,FIN,2003,72.8,22.44
Finland,FIN,2004,76.05,23.58
Finland,FIN,2005,79.05,24.64
Finland,FIN,2006,81.5,24.42
Finland,FIN,2007,84.2,25.26
Finland,FIN,2008,84.75,25.84
Finland,FIN,2009,86.25,26.48
Finland,FIN,2010,88.3,26.32
Finland,FIN,2011,88.9,26.68
Finland,FIN,2012,88.9,27.34
Finland,FIN,2013,88.3,26.68
Finland,FIN,2014,87.85,26.86
Finland,FIN,2015,88.75,27.04
Finland,FIN,2016,87.7,27.7
Finland,FIN,2017,90.45,28.02
Finland,FIN,2018,91.8,28.38
Finland,FIN,2019,93,28.38
France,FRA,1978,65.1,14.68
France,FRA,1984,62.6,13.84
France,FRA,1989,65.65,15.8
France,FRA,1994,76.1,18.34
France,FRA,2000,77.35,18.94
France,FRA,2003,79.15,20.5
France,FRA,2004,80.85,21.04
France,FRA,2005,77.8,21.14
France,FRA,2006,78.5,20.52
France,FRA,2007,96.05,23.74
France,FRA,2008,95.7,23.74
France,FRA,2009,97.55,23.14
France,FRA,2010,98.2,23.46
France,FRA,2011,96.9,23.84
France,FRA,2012,96.8,23.68
France,FRA,2013,95.3,23.8
France,FRA,2014,95.55,24.2
France,FRA,2015,95.15,23.9
France,FRA,2016,96.95,24.52
France,FRA,2017,95,24.62
France,FRA,2018,96.2,24.74
Gabon,GAB,2005,16.66,2.66
Gabon,GAB,2017,23.82,3.91
Gambia,GMB,1998,3.88,0.44
Gambia,GMB,2003,6.59,0.81
Gambia,GMB,2010,7.94,1.32
Gambia,GMB,2015,8.75,1.95
Georgia,GEO,1996,15.08,2.55
Georgia,GEO,1997,10.66,1.51
Georgia,GEO,1998,10.42,1.61
Georgia,GEO,1999,9.34,1.44
Georgia,GEO,2000,9.03,1.37
Georgia,GEO,2001,8.47,1.42
Georgia,GEO,2002,10.76,1.94
Georgia,GEO,2003,10.84,1.93
Georgia,GEO,2004,11.04,1.97
Georgia,GEO,2005,10.94,1.92
Georgia,GEO,2006,10.84,1.94
Georgia,GEO,2007,10.46,1.83
Georgia,GEO,2008,11.46,1.95
Georgia,GEO,2009,11.34,1.95
Georgia,GEO,2010,11.34,1.81
Georgia,GEO,2011,11.84,1.86
Georgia,GEO,2012,12.78,2.09
Georgia,GEO,2013,13.74,2.36
Georgia,GEO,2014,14.26,2.6
Georgia,GEO,2015,14.2,2.75
Georgia,GEO,2016,14.56,2.77
Georgia,GEO,2017,14.94,2.67
Georgia,GEO,2018,14.6,2.71
Georgia,GEO,2019,14.08,2.85
Georgia,GEO,2020,12.82,2.64
Germany,DEU,1991,86.95,23.8
Germany,DEU,1992,87.3,24.16
Germany,DEU,1993,86.8,24.82
Germany,DEU,1994,84.2,23.12
Germany,DEU,1995,85.2,23.62
Germany,DEU,1996,86.9,24.5
Germany,DEU,1997,85.5,23.98
Germany,DEU,1998,88.35,25.1
Germany,DEU,1999,91.1,25.44
Germany,DEU,2000,93.2,25.64
Germany,DEU,2001,93.6,25.14
Germany,DEU,2002,94.9,25.56
Germany,DEU,2003,93.9,25.32
Germany,DEU,2004,95.55,25.52
Germany,DEU,2005,98.2,24.68
Germany,DEU,2006,97.6,25.14
Germany,DEU,2007,98.6,25.34
Germany,DEU,2008,97.75,25.46
Germany,DEU,2009,96.8,25.12
Germany,DEU,2010,98.65,25.56
Germany,DEU,2011,97.8,25.7
Germany,DEU,2012,99.5,24.94
Germany,DEU,2013,100,25.3
Germany,DEU,2014,100.7,24.68
Germany,DEU,2015,101,25.22
Germany,DEU,2016,105.5,25.6
Germany,DEU,2017,104.4,26.18
Germany,DEU,2018,107.7,27.06
Ghana,GHA,1987,3.64,0.73
Ghana,GHA,1988,3.73,0.76
Ghana,GHA,1991,3.6,0.67
Ghana,GHA,1998,5.01,0.76
Ghana,GHA,2005,6.51,0.94
Ghana,GHA,2012,9.65,1.36
Ghana,GHA,2016,9.98,1.25
Greece,GRC,1995,51.95,8.93
Greece,GRC,2000,56.55,10.94
Greece,GRC,2003,63.55,13.84
Greece,GRC,2004,67.05,14.6
Greece,GRC,2005,68.9,14.06
Greece,GRC,2006,68.15,14.24
Greece,GRC,2007,69.85,14.76
Greece,GRC,2008,69.05,15.2
Greece,GRC,2009,70.9,15.68
Greece,GRC,2010,62.8,12.92
Greece,GRC,2011,52.2,9.6
Greece,GRC,2012,45.6,7.95
Greece,GRC,2013,44.65,7.5
Greece,GRC,2014,44.35,7.88
Greece,GRC,2015,44.6,7.95
Greece,GRC,2016,45.45,8.5
Greece,GRC,2017,44.6,9.08
Greece,GRC,2018,46.35,10.02
Greece,GRC,2019,49.15,10.6
Guatemala,GTM,1986,7.85,0.55
Guatemala,GTM,1989,12.48,0.64
Guatemala,GTM,1998,19.36,1.75
Guatemala,GTM,2000,22.86,2.2
Guatemala,GTM,2006,24.52,1.97
Guatemala,GTM,2014,18.2,2.21
Guinea,GIN,1991,2.36,0.16
Guinea,GIN,1994,7.68,1.03
Guinea,GIN,2002,5.34,0.86
Guinea,GIN,2007,5.92,0.99
Guinea,GIN,2012,6.72,1.53
Guinea,GIN,2018,7.55,1.92
Guinea-Bissau,GNB,1993,6.69,1.06
Guinea-Bissau,GNB,2002,4.56,0.99
Guinea-Bissau,GNB,2010,4.9,0.62
Guinea-Bissau,GNB,2018,7.63,1.7
Guyana,GUY,1992,8.16,1.24
Guyana,GUY,1998,16.26,1.93
Haiti,HTI,2001,5.66,0.31
Haiti,HTI,2012,8.08,1.22
High income countries,,1990,82.75,13.84
High income countries,,1991,82.5,14.14
High income countries,,1992,83.35,14.18
High income countries,,1993,83.75,14.12
High income countries,,1994,84.75,14.54
High income countries,,1995,85.6,14.96
High income countries,,1996,87.4,15.4
High income countries,,1997,88.55,15.68
High income countries,,1998,91.1,15.8
High income countries,,1999,93.1,16.34
High income countries,,2000,94.4,16.96
High income countries,,2001,95.8,17.38
High income countries,,2002,96.75,17.52
High income countries,,2003,98.3,17.6
High income countries,,2004,98.05,17.88
High income countries,,2005,99.35,18.12
High income countries,,2006,101.6,18.44
High income countries,,2007,104.5,18.98
High income countries,,2008,103.2,18.66
High income countries,,2009,103.4,19.4
High income countries,,2010,103.5,19.92
High income countries,,2011,103.6,19.6
High income countries,,2012,103.4,19.3
High income countries,,2013,103.5,19.24
High income countries,,2014,105.3,19.36
High income countries,,2015,106.8,19.88
High income countries,,2016,110.1,20.4
High income countries,,2017,111.4,20.62
High income countries,,2018,114.5,21.06
High income countries,,2019,119.7,21.78
Honduras,HND,1989,10.74,0.73
Honduras,HND,1990,9.84,0.65
Honduras,HND,1991,11.18,1.06
Honduras,HND,1992,12.04,1.23
Honduras,HND,1993,14.02,1.36
Honduras,HND,1994,14.86,1.17
Honduras,HND,1995,14.56,1.18
Honduras,HND,1996,13.44,0.97
Honduras,HND,1997,16,1.46
Honduras,HND,1998,16.94,0.92
Honduras,HND,1999,16.86,0.94
Honduras,HND,2001,22.08,1.31
Honduras,HND,2002,18.7,1.22
Honduras,HND,2003,17.98,1.02
Honduras,HND,2004,18.54,1.04
Honduras,HND,2005,20.98,0.92
Honduras,HND,2006,22.1,1.09
Honduras,HND,2007,23.98,1.59
Honduras,HND,2008,23.44,1.61
Honduras,HND,2009,23.8,1.9
Honduras,HND,2010,23.78,1.78
Honduras,HND,2011,23.12,1.68
Honduras,HND,2012,20.66,1.49
Honduras,HND,2013,20.92,1.66
Honduras,HND,2014,21.12,1.87
Honduras,HND,2015,20.98,1.86
Honduras,HND,2016,22.6,1.72
Honduras,HND,2017,21.72,1.75
Honduras,HND,2018,21.94,1.74
Honduras,HND,2019,21.34,1.91
Honduras - urban,,1986,7.97,0.62
Hungary,HUN,1987,31.35,12.78
Hungary,HUN,1989,16.2,5.44
Hungary,HUN,1991,31.55,8.29
Hungary,HUN,1993,24.44,8.08
Hungary,HUN,1994,30.5,6.8
Hungary,HUN,1998,20.14,6.29
Hungary,HUN,1999,20.16,6.3
Hungary,HUN,2000,20.76,6.46
Hungary,HUN,2001,24,7.25
Hungary,HUN,2002,24.36,7.43
Hungary,HUN,2003,28.6,7.23
Hungary,HUN,2004,29.54,7.86
Hungary,HUN,2005,30.5,7.95
Hungary,HUN,2006,29.7,8.12
Hungary,HUN,2007,30.9,8
Hungary,HUN,2008,32.9,9.2
Hungary,HUN,2009,31.15,8.77
Hungary,HUN,2010,33.35,8.42
Hungary,HUN,2011,33.1,8.49
Hungary,HUN,2012,31.9,7.68
Hungary,HUN,2013,33.9,7.89
Hungary,HUN,2014,35.05,8.57
Hungary,HUN,2015,37.5,9.15
Hungary,HUN,2016,38.85,10.1
Hungary,HUN,2017,39.6,10.46
Hungary,HUN,2018,41.3,11.26
Hungary,HUN,2019,43.85,13.26
Iceland,ISL,2003,74.05,23.92
Iceland,ISL,2004,76.4,25.02
Iceland,ISL,2005,80.85,24.64
Iceland,ISL,2006,92.9,27.26
Iceland,ISL,2007,97.8,29.34
Iceland,ISL,2008,102.7,29.02
Iceland,ISL,2009,85.6,25.98
Iceland,ISL,2010,75.2,24.1
Iceland,ISL,2011,75.25,23.82
Iceland,ISL,2012,77.75,23.84
Iceland,ISL,2013,77.7,25.88
Iceland,ISL,2014,81.05,26.32
Iceland,ISL,2015,87.5,28.1
Iceland,ISL,2016,94.85,29.88
Iceland,ISL,2017,98.1,31.85
India,IND,1977,3.8,0.98
India,IND,1983,4.12,1.05
India,IND,1987,4.43,1.19
India,IND,1993,4.6,1.26
India,IND,2004,5.38,1.39
India,IND,2009,5.9,1.49
India,IND,2011,6.89,1.7
India,IND,2015,7.24,1.81
India,IND,2016,7.29,1.83
India,IND,2017,8.38,2
India,IND,2018,9.06,2.09
India,IND,2019,8.77,2.15
India - rural,,1977,3.36,0.95
India - rural,,1983,3.62,1
India - rural,,1987,3.91,1.16
India - rural,,1993,3.94,1.22
India - rural,,2004,4.41,1.35
India - rural,,2009,4.74,1.44
India - rural,,2011,5.61,1.63
India - rural,,2015,5.98,1.74
India - rural,,2016,5.99,1.79
India - rural,,2017,6.81,1.97
India - rural,,2018,7.08,2.07
India - rural,,2019,6.95,2.05
India - urban,,1977,5.14,1.18
India - urban,,1983,5.48,1.33
India - urban,,1987,5.85,1.33
India - urban,,1993,6.31,1.48
India - urban,,2004,7.38,1.55
India - urban,,2009,8.39,1.7
India - urban,,2011,9.53,1.92
India - urban,,2015,9.87,2.05
India - urban,,2016,9.73,1.94
India - urban,,2017,11.06,2.09
India - urban,,2018,11.54,2.16
India - urban,,2019,12.54,2.44
Indonesia,IDN,1984,3.27,0.77
Indonesia,IDN,1987,3.14,0.86
Indonesia,IDN,1990,3.93,0.98
Indonesia,IDN,1993,4.01,1.05
Indonesia,IDN,1996,4.91,1.17
Indonesia,IDN,1998,3.55,0.94
Indonesia,IDN,1999,4.65,1.31
Indonesia,IDN,2000,4.58,1.36
Indonesia,IDN,2001,4.83,1.43
Indonesia,IDN,2002,6.18,1.65
Indonesia,IDN,2003,6.55,1.64
Indonesia,IDN,2004,6.55,1.54
Indonesia,IDN,2005,6.71,1.65
Indonesia,IDN,2006,6.35,1.48
Indonesia,IDN,2007,7.43,1.61
Indonesia,IDN,2008,7.38,1.64
Indonesia,IDN,2009,7.61,1.73
Indonesia,IDN,2010,8.82,1.82
Indonesia,IDN,2011,9.93,1.92
Indonesia,IDN,2012,10.26,1.98
Indonesia,IDN,2013,11.26,2.1
Indonesia,IDN,2014,11.26,2.19
Indonesia,IDN,2015,11.5,2.26
Indonesia,IDN,2016,12.24,2.32
Indonesia,IDN,2017,13.08,2.4
Indonesia,IDN,2018,13.48,2.55
Indonesia,IDN,2019,13.42,2.64
Indonesia,IDN,2020,13.76,2.7
Indonesia,IDN,2021,13.94,2.75
Indonesia - rural,,1984,2.58,0.73
Indonesia - rural,,1987,2.57,0.82
Indonesia - rural,,1990,3.02,0.92
Indonesia - rural,,1993,2.94,0.98
Indonesia - rural,,1996,3.46,1.09
Indonesia - rural,,1998,2.61,0.88
Indonesia - rural,,1999,3.55,1.22
Indonesia - rural,,2000,3.63,1.28
Indonesia - rural,,2001,3.66,1.33
Indonesia - rural,,2002,4.46,1.51
Indonesia - rural,,2003,4.55,1.5
Indonesia - rural,,2004,4.49,1.4
Indonesia - rural,,2005,4.82,1.48
Indonesia - rural,,2006,4.48,1.33
Indonesia - rural,,2007,5.19,1.44
Indonesia - rural,,2008,5.27,1.5
Indonesia - rural,,2009,5.48,1.59
Indonesia - rural,,2010,6.44,1.68
Indonesia - rural,,2011,7.3,1.77
Indonesia - rural,,2012,7.23,1.85
Indonesia - rural,,2013,7.49,1.97
Indonesia - rural,,2014,7.78,2.06
Indonesia - rural,,2015,8.41,2.14
Indonesia - rural,,2016,8.85,2.18
Indonesia - rural,,2017,9.39,2.24
Indonesia - rural,,2018,9.88,2.34
Indonesia - rural,,2019,9.86,2.43
Indonesia - rural,,2020,10.16,2.49
Indonesia - rural,,2021,10.54,2.56
Indonesia - urban,,1984,4.74,1.12
Indonesia - urban,,1987,4.38,1.07
Indonesia - urban,,1990,5.64,1.25
Indonesia - urban,,1993,5.79,1.31
Indonesia - urban,,1996,6.97,1.46
Indonesia - urban,,1998,4.71,1.14
Indonesia - urban,,1999,6.05,1.52
Indonesia - urban,,2000,5.77,1.54
Indonesia - urban,,2001,6.24,1.67
Indonesia - urban,,2002,8.41,2.07
Indonesia - urban,,2003,8.62,2.02
Indonesia - urban,,2004,8.67,1.98
Indonesia - urban,,2005,8.49,2.07
Indonesia - urban,,2006,8.25,1.88
Indonesia - urban,,2007,9.49,1.97
Indonesia - urban,,2008,9.22,1.94
Indonesia - urban,,2009,9.44,2
Indonesia - urban,,2010,10.96,2.09
Indonesia - urban,,2011,12.4,2.15
Indonesia - urban,,2012,13.06,2.22
Indonesia - urban,,2013,14.3,2.29
Indonesia - urban,,2014,14.08,2.35
Indonesia - urban,,2015,14.08,2.41
Indonesia - urban,,2016,14.66,2.46
Indonesia - urban,,2017,15.98,2.56
Indonesia - urban,,2018,16.16,2.78
Indonesia - urban,,2019,15.98,2.88
Indonesia - urban,,2020,16.42,2.91
Indonesia - urban,,2021,16.76,2.92
Iran,IRN,1986,18.88,2.23
Iran,IRN,1990,16.6,2.31
Iran,IRN,1994,19.1,2.79
Iran,IRN,1998,21.14,2.79
Iran,IRN,2005,32.85,4.54
Iran,IRN,2006,34.8,4.47
Iran,IRN,2009,32.6,4.58
Iran,IRN,2013,28.48,5.42
Iran,IRN,2014,28.54,4.98
Iran,IRN,2015,28.6,4.91
Iran,IRN,2016,29.14,4.91
Iran,IRN,2017,31.25,4.98
Iran,IRN,2018,30.9,4.86
Iran,IRN,2019,26.8,4.37
Iraq,IRQ,2006,17.64,5.1
Iraq,IRQ,2012,19.08,5.15
Ireland,IRL,1987,34.6,7.2
Ireland,IRL,1994,52.05,10.14
Ireland,IRL,1995,54,10.24
Ireland,IRL,1996,55.5,10.94
Ireland,IRL,2000,65.45,15.52
Ireland,IRL,2002,73.75,16.5
Ireland,IRL,2003,74.15,17.44
Ireland,IRL,2004,77.3,17.46
Ireland,IRL,2005,81.55,19.06
Ireland,IRL,2006,89.65,21.2
Ireland,IRL,2007,85.85,21.76
Ireland,IRL,2008,77.9,20.14
Ireland,IRL,2009,79.6,18.9
Ireland,IRL,2010,77.75,18.3
Ireland,IRL,2011,75.2,17
Ireland,IRL,2012,75.7,17.3
Ireland,IRL,2013,75.75,17.1
Ireland,IRL,2014,78.6,19.1
Ireland,IRL,2015,79.6,19.66
Ireland,IRL,2016,87.6,20.68
Ireland,IRL,2017,90.15,23.26
Ireland,IRL,2018,91.1,24.76
Israel,ISR,1979,37.35,7.02
Israel,ISR,1986,37.85,6.82
Israel,ISR,1992,43.1,8.53
Israel,ISR,1997,47.35,8.08
Israel,ISR,2001,53.6,8.67
Israel,ISR,2002,49.2,7.11
Israel,ISR,2003,50.7,7.22
Israel,ISR,2004,55.15,6.9
Israel,ISR,2005,57.65,6.96
Israel,ISR,2006,57.7,7.24
Israel,ISR,2007,59.9,7.96
Israel,ISR,2008,61.95,7.99
Israel,ISR,2009,61.75,7.61
Israel,ISR,2010,61.2,7.65
Israel,ISR,2011,62.6,8.18
Israel,ISR,2012,66.25,8.17
Israel,ISR,2013,68.05,9.16
Israel,ISR,2014,69.1,9.32
Israel,ISR,2015,70.8,9.38
Israel,ISR,2016,73.05,10
Israel,ISR,2017,75.2,10.3
Israel,ISR,2018,76.5,10.78
Italy,ITA,1986,53.85,12.3
Italy,ITA,1987,60.2,12.48
Italy,ITA,1989,65.9,15.14
Italy,ITA,1991,66,15.42
Italy,ITA,1993,63.65,12.02
Italy,ITA,1995,60.85,11.82
Italy,ITA,1998,65.95,12.18
Italy,ITA,2000,67.9,12.9
Italy,ITA,2003,82.3,17.44
Italy,ITA,2004,84,18.24
Italy,ITA,2005,83.7,17.7
Italy,ITA,2006,85.55,18.52
Italy,ITA,2007,84.85,19.1
Italy,ITA,2008,84.6,18.28
Italy,ITA,2009,85.3,18.22
Italy,ITA,2010,84.15,17.16
Italy,ITA,2011,84.05,16.72
Italy,ITA,2012,79.95,16
Italy,ITA,2013,79.8,15.6
Italy,ITA,2014,79.5,15.38
Italy,ITA,2015,81.35,14.98
Italy,ITA,2016,82.6,16
Italy,ITA,2017,85.15,15.82
Italy,ITA,2018,85.45,15.98
Jamaica,JAM,1988,19.08,2.87
Jamaica,JAM,1990,18.4,3.03
Jamaica,JAM,1993,12.2,2.39
Jamaica,JAM,1996,18.7,3.44
Jamaica,JAM,1999,27,4
Jamaica,JAM,2002,30.75,3.84
Jamaica,JAM,2004,29.12,4.16
Japan,JPN,2008,75.6,14.82
Japan,JPN,2010,89.5,22.6
Japan,JPN,2013,85.25,21.1
Jordan,JOR,1986,31.7,6.24
Jordan,JOR,1992,24.28,4.08
Jordan,JOR,1997,20.08,4.51
Jordan,JOR,2002,25.64,5.14
Jordan,JOR,2006,26.56,6.25
Jordan,JOR,2008,27.12,6.52
Jordan,JOR,2010,30,7.2
Kazakhstan,KAZ,1993,10.76,2.28
Kazakhstan,KAZ,1996,11.86,2.34
Kazakhstan,KAZ,2001,10.22,1.96
Kazakhstan,KAZ,2002,10.66,2.23
Kazakhstan,KAZ,2003,11.38,2.47
Kazakhstan,KAZ,2004,11.6,2.85
Kazakhstan,KAZ,2005,14.28,2.27
Kazakhstan,KAZ,2006,13.58,3.82
Kazakhstan,KAZ,2007,15.84,4.42
Kazakhstan,KAZ,2008,15.54,4.66
Kazakhstan,KAZ,2009,15.44,4.56
Kazakhstan,KAZ,2010,16.5,4.98
Kazakhstan,KAZ,2011,19.7,5.83
Kazakhstan,KAZ,2012,19.96,5.84
Kazakhstan,KAZ,2013,20.46,6.4
Kazakhstan,KAZ,2014,19.9,6.26
Kazakhstan,KAZ,2015,18.94,6.03
Kazakhstan,KAZ,2016,17.76,5.47
Kazakhstan,KAZ,2017,19.22,5.91
Kazakhstan,KAZ,2018,20.56,6.34
Kenya,KEN,1992,12.18,1.24
Kenya,KEN,1994,8.75,1.3
Kenya,KEN,1997,9.3,1.44
Kenya,KEN,2005,7.86,1.09
Kenya,KEN,2015,8.13,1.37
Kiribati,KIR,2006,9.71,1.88
Kiribati,KIR,2019,10.16,3.05
Kosovo,OWID_KOS,2003,10.66,2.86
Kosovo,OWID_KOS,2005,11.62,2.73
Kosovo,OWID_KOS,2006,11.04,2.75
Kosovo,OWID_KOS,2009,12.94,3.01
Kosovo,OWID_KOS,2010,13.96,3.04
Kosovo,OWID_KOS,2011,11.96,3.35
Kosovo,OWID_KOS,2012,14.18,4
Kosovo,OWID_KOS,2013,14.16,4.43
Kosovo,OWID_KOS,2014,14.3,4.15
Kosovo,OWID_KOS,2015,15.18,4.58
Kosovo,OWID_KOS,2016,14.94,4.55
Kosovo,OWID_KOS,2017,15.48,4.6
Kyrgyzstan,KGZ,1998,9.45,1.15
Kyrgyzstan,KGZ,2000,5.47,1.37
Kyrgyzstan,KGZ,2001,5.6,1.44
Kyrgyzstan,KGZ,2002,5.78,1.46
Kyrgyzstan,KGZ,2003,5.79,1.65
Kyrgyzstan,KGZ,2004,9.96,2.08
Kyrgyzstan,KGZ,2005,8.15,1.98
Kyrgyzstan,KGZ,2006,11.1,2.24
Kyrgyzstan,KGZ,2007,10.32,2.24
Kyrgyzstan,KGZ,2008,10.78,2.79
Kyrgyzstan,KGZ,2009,11.04,3.1
Kyrgyzstan,KGZ,2010,10.46,2.86
Kyrgyzstan,KGZ,2011,10.1,3.11
Kyrgyzstan,KGZ,2012,9.74,3.06
Kyrgyzstan,KGZ,2013,9.82,2.85
Kyrgyzstan,KGZ,2014,9.89,3.2
Kyrgyzstan,KGZ,2015,9.82,3.02
Kyrgyzstan,KGZ,2016,10.2,3.23
Kyrgyzstan,KGZ,2017,10.04,3.22
Kyrgyzstan,KGZ,2018,10.82,3.44
Kyrgyzstan,KGZ,2019,11.08,3.52
Kyrgyzstan,KGZ,2020,10.6,3.11
Laos,LAO,1992,6.82,1.69
Laos,LAO,1997,5.24,1.27
Laos,LAO,2002,6.33,1.64
Laos,LAO,2007,7.43,1.76
Laos,LAO,2012,9.81,2.1
Laos,LAO,2018,11.7,2.36
Latin America and the Caribbean,,1990,23.04,1.46
Latin America and the Caribbean,,1991,22.64,1.54
Latin America and the Caribbean,,1992,22.08,1.54
Latin America and the Caribbean,,1993,23.5,1.55
Latin America and the Caribbean,,1994,24.52,1.65
Latin America and the Caribbean,,1995,24.56,1.66
Latin America and the Caribbean,,1996,24.38,1.49
Latin America and the Caribbean,,1997,25.02,1.57
Latin America and the Caribbean,,1998,25.7,1.64
Latin America and the Caribbean,,1999,24.94,1.63
Latin America and the Caribbean,,2000,25.98,1.73
Latin America and the Caribbean,,2001,26.1,1.75
Latin America and the Caribbean,,2002,25.24,1.85
Latin America and the Caribbean,,2003,25.74,1.89
Latin America and the Caribbean,,2004,26.34,2.01
Latin America and the Caribbean,,2005,27.58,2.08
Latin America and the Caribbean,,2006,29.64,2.39
Latin America and the Caribbean,,2007,30.6,2.47
Latin America and the Caribbean,,2008,31.5,2.58
Latin America and the Caribbean,,2009,31.45,2.67
Latin America and the Caribbean,,2010,32.3,2.84
Latin America and the Caribbean,,2011,33.6,2.99
Latin America and the Caribbean,,2012,35.1,3.16
Latin America and the Caribbean,,2013,36,3.31
Latin America and the Caribbean,,2014,35.75,3.4
Latin America and the Caribbean,,2015,36.35,3.45
Latin America and the Caribbean,,2016,36.65,3.41
Latin America and the Caribbean,,2017,36.7,3.47
Latin America and the Caribbean,,2018,36.9,3.51
Latin America and the Caribbean,,2019,36.95,3.52
Latvia,LVA,1993,14.76,4.26
Latvia,LVA,1995,17.02,4.33
Latvia,LVA,1996,16.22,4.09
Latvia,LVA,1997,17.42,3.73
Latvia,LVA,1998,17.66,3.94
Latvia,LVA,2002,24.3,5.18
Latvia,LVA,2003,29.56,5.74
Latvia,LVA,2004,27.9,5.56
Latvia,LVA,2005,29.2,5
Latvia,LVA,2006,34.4,7.11
Latvia,LVA,2007,39.6,7.84
Latvia,LVA,2008,40.3,7.9
Latvia,LVA,2009,31.9,6.56
Latvia,LVA,2010,33.45,6.23
Latvia,LVA,2011,34.4,6.52
Latvia,LVA,2012,35.35,6.74
Latvia,LVA,2013,40.2,7.52
Latvia,LVA,2014,43.05,8.29
Latvia,LVA,2015,45.85,9.68
Latvia,LVA,2016,49.3,10
Latvia,LVA,2017,51.9,10.3
Latvia,LVA,2018,57.35,11.92
Latvia,LVA,2019,59.15,12.52
Lebanon,LBN,2011,53.55,12.62
Lesotho,LSO,1986,7.27,0.49
Lesotho,LSO,1994,10.64,0.32
Lesotho,LSO,2002,4.84,0.35
Lesotho,LSO,2017,9.39,1.14
Liberia,LBR,2007,4.49,0.87
Liberia,LBR,2014,6.73,1.56
Liberia,LBR,2016,7.12,1.45
Lithuania,LTU,1993,9.56,2.4
Lithuania,LTU,1996,19.64,4.55
Lithuania,LTU,1998,21.1,4.91
Lithuania,LTU,1999,20.5,4.93
Lithuania,LTU,2000,19.78,4.63
Lithuania,LTU,2001,19.62,4.56
Lithuania,LTU,2002,19.54,4.61
Lithuania,LTU,2003,28.22,5.9
Lithuania,LTU,2004,29.06,5.96
Lithuania,LTU,2005,30,5.5
Lithuania,LTU,2006,35.65,7.45
Lithuania,LTU,2007,42.55,8.51
Lithuania,LTU,2008,36.95,7.55
Lithuania,LTU,2009,39.2,6.83
Lithuania,LTU,2010,34.45,6.72
Lithuania,LTU,2011,36.5,7.85
Lithuania,LTU,2012,40,7.86
Lithuania,LTU,2013,42.6,8.7
Lithuania,LTU,2014,46.1,8.43
Lithuania,LTU,2015,52.1,8.82
Lithuania,LTU,2016,55.8,9.98
Lithuania,LTU,2017,58.4,10.92
Lithuania,LTU,2018,63,12.06
Lithuania,LTU,2019,68.55,14.22
Luxembourg,LUX,1985,65.15,19.72
Luxembourg,LUX,1991,95.45,27.9
Luxembourg,LUX,1994,102.6,30
Luxembourg,LUX,1997,111.8,27.98
Luxembourg,LUX,2000,124.7,30.45
Luxembourg,LUX,2003,130.2,32.95
Luxembourg,LUX,2004,131.7,33.4
Luxembourg,LUX,2005,139.4,34.75
Luxembourg,LUX,2006,137.1,33.4
Luxembourg,LUX,2007,137.2,34.25
Luxembourg,LUX,2008,139.9,32.35
Luxembourg,LUX,2009,135.9,33.35
Luxembourg,LUX,2010,135.9,33.85
Luxembourg,LUX,2011,135.4,31.15
Luxembourg,LUX,2012,137.2,30.25
Luxembourg,LUX,2013,137.8,30.7
Luxembourg,LUX,2014,133.6,32.1
Luxembourg,LUX,2015,126.9,28.62
Luxembourg,LUX,2016,140,32.25
Luxembourg,LUX,2017,142.3,29.02
Luxembourg,LUX,2018,149.5,29.26
Luxembourg,LUX,2019,149.6,31.2
Madagascar,MDG,1980,6.31,0.82
Madagascar,MDG,1993,3.67,0.6
Madagascar,MDG,1997,3.8,0.64
Madagascar,MDG,1999,3.99,0.68
Madagascar,MDG,2001,4.47,0.53
Madagascar,MDG,2005,3.58,0.69
Madagascar,MDG,2010,3.18,0.54
Madagascar,MDG,2012,3.13,0.48
Malawi,MWI,1997,5.02,0.94
Malawi,MWI,2004,3.83,0.78
Malawi,MWI,2010,4.12,0.65
Malawi,MWI,2016,4.05,0.83
Malawi,MWI,2019,3.81,0.74
Malaysia,MYS,1984,25.24,3.04
Malaysia,MYS,1987,24.58,3.09
Malaysia,MYS,1989,23.86,3.21
Malaysia,MYS,1992,27.64,3.18
Malaysia,MYS,1995,28.5,3.21
Malaysia,MYS,1997,35.5,3.85
Malaysia,MYS,2003,33.25,3.96
Malaysia,MYS,2006,36.25,4.66
Malaysia,MYS,2008,38.15,4.63
Malaysia,MYS,2011,45.6,6.18
Malaysia,MYS,2013,50.15,7.99
Malaysia,MYS,2015,56.05,8.82
Maldives,MDV,2002,11.34,2.54
Maldives,MDV,2009,15.44,2.78
Maldives,MDV,2016,32.35,8.25
Maldives,MDV,2019,32.4,8.48
Mali,MLI,1994,2.84,0.34
Mali,MLI,2001,4.97,0.86
Mali,MLI,2006,5.58,0.97
Mali,MLI,2009,4.99,1.15
Mali,MLI,2018,9.26,1.94
Malta,MLT,2006,57.4,15.64
Malta,MLT,2007,63.15,16.64
Malta,MLT,2008,65.5,16.96
Malta,MLT,2009,64.1,16.32
Malta,MLT,2010,64.6,17.02
Malta,MLT,2011,66.25,17.38
Malta,MLT,2012,66.85,17.54
Malta,MLT,2013,71.45,19.02
Malta,MLT,2014,74.95,20.24
Malta,MLT,2015,75.25,20.54
Malta,MLT,2016,81.35,21.38
Malta,MLT,2017,81.1,21.96
Malta,MLT,2018,82.55,22.26
Malta,MLT,2019,91.2,23.44
Marshall Islands,MHL,2019,21.82,4.37
Mauritania,MRT,1987,6.92,0.74
Mauritania,MRT,1993,6.45,1.08
Mauritania,MRT,1995,8.65,1.54
Mauritania,MRT,2000,9.5,1.54
Mauritania,MRT,2004,8.9,1.7
Mauritania,MRT,2008,10.7,2.03
Mauritania,MRT,2014,10.98,2.49
Mauritius,MUS,2006,23.46,5.18
Mauritius,MUS,2012,26.2,5.49
Mauritius,MUS,2017,28.84,6.2
Mexico,MEX,1984,19.82,2.33
Mexico,MEX,1989,19.86,2.29
Mexico,MEX,1992,24.76,2.46
Mexico,MEX,1994,24.86,2.45
Mexico,MEX,1996,17.2,1.46
Mexico,MEX,1998,20.26,1.87
Mexico,MEX,2000,24.1,2.29
Mexico,MEX,2002,24.52,2.61
Mexico,MEX,2004,25.8,2.84
Mexico,MEX,2005,25.54,2.76
Mexico,MEX,2006,27.14,3.26
Mexico,MEX,2008,27.46,3
Mexico,MEX,2010,25.44,3.21
Mexico,MEX,2012,27.96,3.35
Mexico,MEX,2014,25.72,3.34
Mexico,MEX,2016,27.9,3.54
Mexico,MEX,2018,28.02,3.76
Mexico,MEX,2020,27.06,3.66
Micronesia (country),FSM,2005,15.78,2.29
Micronesia (country),FSM,2013,10.62,1.65
Micronesia (country) - urban,,2000,12.18,0.39
Middle East and North Africa,,1990,13.9,2.49
Middle East and North Africa,,1991,13.78,2.4
Middle East and North Africa,,1992,14.26,2.52
Middle East and North Africa,,1993,14.46,2.58
Middle East and North Africa,,1994,14.3,2.6
Middle East and North Africa,,1995,13.9,2.57
Middle East and North Africa,,1996,14.16,2.62
Middle East and North Africa,,1997,14.6,2.67
Middle East and North Africa,,1998,15.5,2.76
Middle East and North Africa,,1999,15.96,2.82
Middle East and North Africa,,2000,16.9,2.89
Middle East and North Africa,,2001,17.34,2.9
Middle East and North Africa,,2003,17.42,2.92
Middle East and North Africa,,2004,18.78,3
Middle East and North Africa,,2005,19.7,3.07
Middle East and North Africa,,2006,19.92,3.1
Middle East and North Africa,,2007,20.88,3.16
Middle East and North Africa,,2008,20.86,3.22
Middle East and North Africa,,2009,20.84,3.3
Middle East and North Africa,,2010,21.14,3.44
Middle East and North Africa,,2011,21.56,3.5
Middle East and North Africa,,2012,21.06,3.56
Middle East and North Africa,,2013,21,3.52
Middle East and North Africa,,2014,20.56,3.41
Middle East and North Africa,,2015,20.34,3.06
Middle East and North Africa,,2016,20.84,2.94
Middle East and North Africa,,2017,21.24,2.84
Middle East and North Africa,,2018,21.16,2.58
Moldova,MDA,1997,10.08,1.88
Moldova,MDA,1998,8.51,1.41
Moldova,MDA,1999,7.42,1.23
Moldova,MDA,2000,6.64,1.33
Moldova,MDA,2001,7.97,1.53
Moldova,MDA,2002,9.84,1.94
Moldova,MDA,2003,11.48,2.52
Moldova,MDA,2004,11.34,2.42
Moldova,MDA,2005,10.32,2.08
Moldova,MDA,2006,17.34,3.58
Moldova,MDA,2007,19.4,4.18
Moldova,MDA,2008,19,4.04
Moldova,MDA,2009,18.8,4.15
Moldova,MDA,2010,18.68,4.55
Moldova,MDA,2011,18.66,4.92
Moldova,MDA,2012,18.66,5.14
Moldova,MDA,2013,19.46,5.55
Moldova,MDA,2014,18.74,5.66
Moldova,MDA,2015,19.06,5.96
Moldova,MDA,2016,18.2,5.95
Moldova,MDA,2017,18.56,5.9
Moldova,MDA,2018,18.92,6.28
Moldova,MDA,2019,19.66,6.21
Mongolia,MNG,1995,9.2,1.86
Mongolia,MNG,1998,5.83,1.32
Mongolia,MNG,2002,9.47,2.03
Mongolia,MNG,2007,15.84,3.22
Mongolia,MNG,2010,15.06,3.4
Mongolia,MNG,2011,16.58,3.78
Mongolia,MNG,2012,19.26,4.24
Mongolia,MNG,2014,19.14,4.69
Mongolia,MNG,2016,15.94,3.83
Mongolia,MNG,2018,17.24,4.07
Montenegro,MNE,2005,24.72,6.48
Montenegro,MNE,2006,25.62,6.72
Montenegro,MNE,2007,31.3,7.71
Montenegro,MNE,2008,32.5,8.58
Montenegro,MNE,2009,32.6,8.56
Montenegro,MNE,2010,28.22,7.61
Montenegro,MNE,2011,28.1,7.28
Montenegro,MNE,2012,28.2,6.91
Montenegro,MNE,2013,28.7,6.47
Montenegro,MNE,2014,29.14,7.64
Montenegro,MNE,2015,30.9,4.01
Montenegro,MNE,2016,32.6,4.83
Montenegro,MNE,2017,32.65,4.86
Montenegro,MNE,2018,31.9,4.74
Morocco,MAR,1984,9.69,1.93
Morocco,MAR,1990,14.3,2.64
Morocco,MAR,1998,12.52,2.28
Morocco,MAR,2000,12.84,2.3
Morocco,MAR,2006,15,2.79
Morocco,MAR,2013,19.36,3.68
Mozambique,MOZ,1996,3.17,0.33
Mozambique,MOZ,2002,3.1,0.5
Mozambique,MOZ,2008,3.73,0.58
Mozambique,MOZ,2014,5.15,0.63
Myanmar,MMR,2015,10.38,2.47
Myanmar,MMR,2017,10.88,3
Namibia,NAM,1993,13.6,0.52
Namibia,NAM,2003,14.36,1.14
Namibia,NAM,2009,16.26,1.37
Namibia,NAM,2015,25.24,1.62
Nauru,NRU,2012,15.04,3.14
Nepal,NPL,1984,3.41,0.93
Nepal,NPL,1995,4.52,1.04
Nepal,NPL,2003,6.98,1.26
Nepal,NPL,2010,9.15,2.27
Netherlands,NLD,1983,58.65,17.7
Netherlands,NLD,1987,62.75,19.5
Netherlands,NLD,1990,80.85,21.86
Netherlands,NLD,1993,77.55,19.64
Netherlands,NLD,1999,87.1,24.72
Netherlands,NLD,2004,84.55,23.26
Netherlands,NLD,2005,85.95,24.14
Netherlands,NLD,2006,89.2,25.24
Netherlands,NLD,2007,94.55,26.88
Netherlands,NLD,2008,94.5,26.2
Netherlands,NLD,2009,93.05,26.84
Netherlands,NLD,2010,91.5,26.28
Netherlands,NLD,2011,89.55,26.38
Netherlands,NLD,2012,88.85,26.5
Netherlands,NLD,2013,87.6,25.1
Netherlands,NLD,2014,88.45,25.44
Netherlands,NLD,2015,93.05,27.22
Netherlands,NLD,2016,96.9,28.02
Netherlands,NLD,2017,96.25,28.46
Netherlands,NLD,2018,96.7,28.64
Netherlands,NLD,2019,99.3,28.58
Nicaragua,NIC,1993,11.64,1.47
Nicaragua,NIC,1998,11.36,1.69
Nicaragua,NIC,2001,10.38,1.62
Nicaragua,NIC,2005,10.3,1.77
Nicaragua,NIC,2009,16.42,2.34
Nicaragua,NIC,2014,21.26,3.2
Niger,NER,1992,2.59,0.6
Niger,NER,1994,2.5,0.41
Niger,NER,2005,3.06,0.53
Niger,NER,2007,3.05,0.71
Niger,NER,2011,3.92,1.07
Niger,NER,2014,4.64,1.06
Niger,NER,2018,5.04,1.12
Nigeria,NGA,1985,5.8,0.86
Nigeria,NGA,1992,6.14,0.59
Nigeria,NGA,1996,5.82,0.55
Nigeria,NGA,2003,5.65,0.86
Nigeria,NGA,2010,6.63,1.27
Nigeria,NGA,2012,6.71,1.3
Nigeria,NGA,2015,6.97,1.32
Nigeria,NGA,2018,6.64,1.34
North Macedonia,MKD,1998,14.14,3.73
North Macedonia,MKD,2000,13.24,2.48
North Macedonia,MKD,2002,23.52,4.01
North Macedonia,MKD,2003,22.98,3.86
North Macedonia,MKD,2004,27.9,4.92
North Macedonia,MKD,2005,25.78,4.01
North Macedonia,MKD,2006,27.44,3.76
North Macedonia,MKD,2008,38.75,4.7
North Macedonia,MKD,2009,20.2,2.25
North Macedonia,MKD,2010,20.28,2.04
North Macedonia,MKD,2011,21.02,2.38
North Macedonia,MKD,2012,20.88,2.82
North Macedonia,MKD,2013,20.46,3.2
North Macedonia,MKD,2014,21.06,3.57
North Macedonia,MKD,2015,22.4,3.58
North Macedonia,MKD,2016,23.14,3.74
North Macedonia,MKD,2017,23.62,3.88
North Macedonia,MKD,2018,24.22,4.36
Norway,NOR,1979,47.85,14.52
Norway,NOR,1986,59.65,20.3
Norway,NOR,1991,63.3,21.54
Norway,NOR,1995,64.35,21.32
Norway,NOR,2000,76.3,25.86
Norway,NOR,2003,81.3,26.68
Norway,NOR,2004,82.35,26.54
Norway,NOR,2005,85.4,27.86
Norway,NOR,2006,87.3,27.1
Norway,NOR,2007,95.45,31.1
Norway,NOR,2008,100.6,30.45
Norway,NOR,2009,99.05,31.8
Norway,NOR,2010,98.85,32.4
Norway,NOR,2011,104.8,33.5
Norway,NOR,2012,107.4,34.15
Norway,NOR,2013,113.6,35.45
Norway,NOR,2014,114.7,35.5
Norway,NOR,2015,116.1,34.8
Norway,NOR,2016,114.7,33.65
Norway,NOR,2017,114.9,34.5
Norway,NOR,2018,115.4,34.55
Norway,NOR,2019,117.9,34.5
Pakistan,PAK,1987,3.64,0.92
Pakistan,PAK,1990,3.7,0.9
Pakistan,PAK,1996,5.54,1.79
Pakistan,PAK,1998,5.71,1.57
Pakistan,PAK,2001,4.92,1.56
Pakistan,PAK,2004,6.24,1.79
Pakistan,PAK,2005,6.19,1.82
Pakistan,PAK,2007,6.5,1.98
Pakistan,PAK,2010,6.75,2.18
Pakistan,PAK,2011,7.06,2.17
Pakistan,PAK,2013,7.62,2.3
Pakistan,PAK,2015,8.33,2.45
Pakistan,PAK,2018,8.07,2.46
Palestine,PSE,2004,22.66,5.07
Palestine,PSE,2005,23.68,5.08
Palestine,PSE,2006,24.08,5.41
Palestine,PSE,2007,22.6,4.76
Palestine,PSE,2009,25.12,5.68
Palestine,PSE,2010,25.68,5.57
Palestine,PSE,2011,25.7,5.73
Palestine,PSE,2016,25.36,5.3
Panama,PAN,1979,29.26,2.6
Panama,PAN,1989,27.34,0.29
Panama,PAN,1991,29.18,0.63
Panama,PAN,1995,35.25,0.93
Panama,PAN,1997,36.7,1.34
Panama,PAN,1998,35,1.19
Panama,PAN,1999,37.8,1.58
Panama,PAN,2000,39.8,1.93
Panama,PAN,2001,34.65,1.52
Panama,PAN,2002,37.9,2.21
Panama,PAN,2003,39.25,2.16
Panama,PAN,2004,40.25,2.34
Panama,PAN,2005,39.15,2.4
Panama,PAN,2006,39.5,2.26
Panama,PAN,2007,39.4,2.77
Panama,PAN,2008,46.6,3.52
Panama,PAN,2009,46.8,4.13
Panama,PAN,2010,47.9,3.83
Panama,PAN,2011,51.4,4.44
Panama,PAN,2012,53.7,4.01
Panama,PAN,2013,55.7,4.61
Panama,PAN,2014,55.45,4.51
Panama,PAN,2015,60.1,5.02
Panama,PAN,2016,65.55,5.1
Panama,PAN,2017,62.35,5.34
Panama,PAN,2018,65.85,5.91
Panama,PAN,2019,68.5,5.98
Papua New Guinea,PNG,1996,6.71,0.78
Papua New Guinea,PNG,2009,6.75,0.89
Paraguay,PRY,1990,32.05,4.74
Paraguay,PRY,1995,29.56,1.77
Paraguay,PRY,1997,33.95,2.05
Paraguay,PRY,1999,29.84,2.11
Paraguay,PRY,2001,29.92,2.31
Paraguay,PRY,2002,22.22,1.76
Paraguay,PRY,2003,26.3,2.38
Paraguay,PRY,2004,25.44,2.76
Paraguay,PRY,2005,27.3,2.85
Paraguay,PRY,2006,25.26,2.4
Paraguay,PRY,2007,26.4,2.53
Paraguay,PRY,2008,28.06,3.1
Paraguay,PRY,2009,26.6,2.97
Paraguay,PRY,2010,29.28,2.95
Paraguay,PRY,2011,32.2,2.99
Paraguay,PRY,2012,32.75,3.63
Paraguay,PRY,2013,35.85,4.36
Paraguay,PRY,2014,37,4.18
Paraguay,PRY,2015,37,4.3
Paraguay,PRY,2016,35,4.31
Paraguay,PRY,2017,34.85,4.65
Paraguay,PRY,2018,36.2,4.79
Paraguay,PRY,2019,37,4.87
Paraguay,PRY,2020,32.95,4.73
Peru,PER,1985,26.36,3.36
Peru,PER,1994,12.36,1.63
Peru,PER,1997,17.46,1.3
Peru,PER,1998,18.82,1.35
Peru,PER,1999,17.14,1.31
Peru,PER,2000,15.78,1.43
Peru,PER,2001,15.88,1.37
Peru,PER,2002,17.76,1.48
Peru,PER,2003,18.2,1.75
Peru,PER,2004,17.06,1.61
Peru,PER,2005,16.18,1.47
Peru,PER,2006,18.36,1.6
Peru,PER,2007,20.62,1.81
Peru,PER,2008,21.06,2.04
Peru,PER,2009,22.14,2.29
Peru,PER,2010,22.56,2.58
Peru,PER,2011,23.02,2.71
Peru,PER,2012,24.4,2.81
Peru,PER,2013,24.88,3
Peru,PER,2014,24.9,3.11
Peru,PER,2015,25.06,3.16
Peru,PER,2016,26.32,3.22
Peru,PER,2017,25.7,3.26
Peru,PER,2018,26.6,3.53
Peru,PER,2019,26.58,3.71
Peru,PER,2020,21.26,2.71
Philippines,PHL,1985,8.09,1.38
Philippines,PHL,1988,8.79,1.54
Philippines,PHL,1991,9.51,1.4
Philippines,PHL,1994,9.71,1.43
Philippines,PHL,1997,12.1,1.75
Philippines,PHL,2000,11.32,1.89
Philippines,PHL,2003,11.78,1.94
Philippines,PHL,2006,12.2,1.88
Philippines,PHL,2009,12.68,2.08
Philippines,PHL,2012,12.46,2.01
Philippines,PHL,2015,12.96,2.27
Philippines,PHL,2018,13.04,2.56
Poland,POL,1985,22.46,7.42
Poland,POL,1986,24.26,6.56
Poland,POL,1987,23.52,7.45
Poland,POL,1989,34.3,10.18
Poland,POL,1992,27.16,7.43
Poland,POL,1993,15.96,4.45
Poland,POL,1995,23.06,4.82
Poland,POL,1996,11.12,2.83
Poland,POL,1998,24.82,6.19
Poland,POL,1999,24.74,5.97
Poland,POL,2000,24.86,5.87
Poland,POL,2001,24.84,5.78
Poland,POL,2002,25.26,5.63
Poland,POL,2003,28.5,5.94
Poland,POL,2004,30.05,6.06
Poland,POL,2005,26.06,5.76
Poland,POL,2006,27.82,6.28
Poland,POL,2007,29.34,6.73
Poland,POL,2008,31.25,7.12
Poland,POL,2009,31.75,7.4
Poland,POL,2010,32.35,7.51
Poland,POL,2011,31.45,7.42
Poland,POL,2012,31.25,7.52
Poland,POL,2013,31.6,7.51
Poland,POL,2014,31.85,7.67
Poland,POL,2015,32.65,7.89
Poland,POL,2016,33.45,8.69
Poland,POL,2017,33.85,9
Poland,POL,2018,33.35,8.66
Poland,POL,2019,34.3,9.25
Portugal,PRT,2003,57.8,9.83
Portugal,PRT,2004,58.85,10.22
Portugal,PRT,2005,58.3,10.84
Portugal,PRT,2006,58.95,10.88
Portugal,PRT,2007,57.1,11.5
Portugal,PRT,2008,55.35,11.44
Portugal,PRT,2009,58.15,12.06
Portugal,PRT,2010,55.75,11.48
Portugal,PRT,2011,54.05,10.9
Portugal,PRT,2012,51.55,9.51
Portugal,PRT,2013,52.1,9.24
Portugal,PRT,2014,51.7,9.57
Portugal,PRT,2015,54.45,10.56
Portugal,PRT,2016,54.9,11.14
Portugal,PRT,2017,54.45,12.28
Portugal,PRT,2018,57.05,12.88
Portugal,PRT,2019,61,13.9
Romania,ROU,1989,26.34,8.9
Romania,ROU,1992,18.14,5.44
Romania,ROU,1994,7.91,2.22
Romania,ROU,1995,14.94,3.8
Romania,ROU,1997,13.74,3.59
Romania,ROU,1998,14.68,3.57
Romania,ROU,1999,9.58,2.59
Romania,ROU,2000,9.28,2.5
Romania,ROU,2001,10.32,2.71
Romania,ROU,2002,10.7,2.74
Romania,ROU,2003,11.44,2.99
Romania,ROU,2004,12.9,3.21
Romania,ROU,2005,13.72,3.5
Romania,ROU,2006,14.06,3.49
Romania,ROU,2007,15.42,3.85
Romania,ROU,2008,18.12,4.63
Romania,ROU,2009,18.16,4.91
Romania,ROU,2010,17.48,4.7
Romania,ROU,2011,16.84,4.74
Romania,ROU,2012,17.24,4.81
Romania,ROU,2013,17.36,4.84
Romania,ROU,2014,21,2.83
Romania,ROU,2015,22.36,3.18
Romania,ROU,2016,19.86,5.28
Romania,ROU,2017,32.3,4.78
Romania,ROU,2018,23.9,6.28
Romania,ROU,2019,39.1,6.34
Russia,RUS,1993,26.3,3.18
Russia,RUS,1996,25.76,3.08
Russia,RUS,1997,22.98,4.11
Russia,RUS,1998,21.1,3.63
Russia,RUS,1999,16.76,2.93
Russia,RUS,2000,18.38,3.3
Russia,RUS,2001,20.52,3.83
Russia,RUS,2002,22.9,4.23
Russia,RUS,2003,26.5,4.26
Russia,RUS,2004,28.3,4.53
Russia,RUS,2005,31.6,4.85
Russia,RUS,2006,34.75,5.34
Russia,RUS,2007,41.1,6.07
Russia,RUS,2008,43.95,6.98
Russia,RUS,2009,41.8,7.09
Russia,RUS,2010,44.15,7.69
Russia,RUS,2011,46,7.98
Russia,RUS,2012,47.7,8.3
Russia,RUS,2013,48.65,8.51
Russia,RUS,2014,45.9,8.61
Russia,RUS,2015,43.1,8.26
Russia,RUS,2016,41.9,8.2
Russia,RUS,2017,41.65,8.23
Russia,RUS,2018,41.3,8.43
Russia,RUS,2019,41.95,8.71
Russia,RUS,2020,39.75,8.77
Rwanda,RWA,2000,3.77,0.57
Rwanda,RWA,2005,4.96,0.65
Rwanda,RWA,2010,5.26,0.85
Rwanda,RWA,2013,5.57,0.96
Rwanda,RWA,2016,5.91,0.96
Rwanda - rural,,1984,3.87,1.14
Saint Lucia,LCA,1995,6.97,0.94
Saint Lucia,LCA,2016,41.45,3.3
Samoa,WSM,2002,19,3.25
Samoa,WSM,2008,20.06,3.52
Samoa,WSM,2013,18.68,3.53
Sao Tome and Principe,STP,2000,7.43,1.7
Sao Tome and Principe,STP,2010,6.76,1.65
Sao Tome and Principe,STP,2017,9.96,1.85
Senegal,SEN,1991,4.52,0.39
Senegal,SEN,1994,4.39,0.85
Senegal,SEN,2001,5.3,0.99
Senegal,SEN,2005,6.29,1.09
Senegal,SEN,2011,6.49,1.08
Senegal,SEN,2018,10.96,2.19
Serbia,SRB,2002,27.66,6.81
Serbia,SRB,2003,25.52,6
Serbia,SRB,2004,24.04,5.35
Serbia,SRB,2005,25.56,5.25
Serbia,SRB,2006,23.12,6.19
Serbia,SRB,2007,22.92,6.45
Serbia,SRB,2008,23.22,6.82
Serbia,SRB,2009,22.96,6.59
Serbia,SRB,2010,22.82,6.07
Serbia,SRB,2012,27.12,3.64
Serbia,SRB,2013,22.5,6.02
Serbia,SRB,2014,24.38,3.16
Serbia,SRB,2015,24.76,7.06
Serbia,SRB,2016,25.44,3.43
Serbia,SRB,2017,24.84,3.84
Serbia,SRB,2018,28.18,7.2
Serbia,SRB,2019,25.48,6.65
Seychelles,SYC,1999,34.45,6.13
Seychelles,SYC,2006,33.7,5.38
Seychelles,SYC,2013,39,6.93
Seychelles,SYC,2018,38.55,8.29
Sierra Leone,SLE,1989,5.42,0.01
Sierra Leone,SLE,2003,4.89,0.85
Sierra Leone,SLE,2011,5.92,1.33
Sierra Leone,SLE,2018,6.87,1.59
Slovakia,SVK,1992,21.76,9.17
Slovakia,SVK,1996,24.12,7.56
Slovakia,SVK,2004,21.98,6.48
Slovakia,SVK,2005,25.26,7.26
Slovakia,SVK,2006,27.62,8.65
Slovakia,SVK,2007,28.06,8.83
Slovakia,SVK,2008,27.96,9.08
Slovakia,SVK,2009,25.52,8.63
Slovakia,SVK,2010,37.6,10.9
Slovakia,SVK,2011,39.5,11.38
Slovakia,SVK,2012,35.7,10.48
Slovakia,SVK,2013,36.55,10.42
Slovakia,SVK,2014,34.95,10.18
Slovakia,SVK,2015,35.35,10.5
Slovakia,SVK,2016,35.95,11.44
Slovakia,SVK,2017,36.7,12.2
Slovakia,SVK,2018,39.2,12.24
Slovakia,SVK,2019,39.5,13.2
Slovenia,SVN,1987,59.55,20.98
Slovenia,SVN,1993,37.55,11.26
Slovenia,SVN,1997,41,13.88
Slovenia,SVN,1998,44.1,12.16
Slovenia,SVN,1999,41.4,14.18
Slovenia,SVN,2002,45.95,12.32
Slovenia,SVN,2003,46.55,11.48
Slovenia,SVN,2004,52.15,17.4
Slovenia,SVN,2005,53.75,18.1
Slovenia,SVN,2006,55.9,18.64
Slovenia,SVN,2007,58.7,19.74
Slovenia,SVN,2008,59.3,21.02
Slovenia,SVN,2009,61.65,20.3
Slovenia,SVN,2010,61.15,19.78
Slovenia,SVN,2011,60.4,19.8
Slovenia,SVN,2012,58.4,18.3
Slovenia,SVN,2013,58.85,17.78
Slovenia,SVN,2014,59.8,18.66
Slovenia,SVN,2015,59.65,18.82
Slovenia,SVN,2016,61.5,19.84
Slovenia,SVN,2017,62.2,20.72
Slovenia,SVN,2018,65.8,22.68
Slovenia,SVN,2019,66.45,23.16
Solomon Islands,SLB,2005,6.45,0.85
Solomon Islands,SLB,2012,7.3,1.47
Somalia,SOM,2017,3.63,0.66
South Africa,ZAF,1993,17.96,1.09
South Africa,ZAF,2000,15.16,0.97
South Africa,ZAF,2005,23.82,1.27
South Africa,ZAF,2008,30.4,1.63
South Africa,ZAF,2010,32.25,1.6
South Africa,ZAF,2014,30.05,1.47
South Asia,,1990,4.5,1.19
South Asia,,1991,4.53,1.21
South Asia,,1992,4.62,1.25
South Asia,,1993,4.7,1.27
South Asia,,1994,4.76,1.29
South Asia,,1995,4.9,1.31
South Asia,,1996,5,1.33
South Asia,,2002,5.32,1.39
South Asia,,2003,5.44,1.4
South Asia,,2004,5.63,1.43
South Asia,,2005,5.78,1.46
South Asia,,2006,5.89,1.48
South Asia,,2007,6.03,1.51
South Asia,,2008,6.12,1.53
South Asia,,2009,6.21,1.56
South Asia,,2010,6.46,1.62
South Asia,,2011,6.92,1.73
South Asia,,2012,7.17,1.78
South Asia,,2013,7.32,1.81
South Asia,,2014,7.45,1.83
South Asia,,2015,7.6,1.87
South Asia,,2016,7.73,1.9
South Asia,,2017,8.37,2.03
South Asia,,2018,9,2.15
South Asia,,2019,9.1,2.24
South Korea,KOR,2006,61.5,13.86
South Korea,KOR,2008,64.05,14
South Korea,KOR,2010,65.2,14.56
South Korea,KOR,2012,68.2,15.34
South Korea,KOR,2014,71.65,16.52
South Korea,KOR,2016,74.25,17.26
South Sudan,SSD,2009,9.39,0.87
South Sudan,SSD,2016,4.25,0.53
Spain,ESP,1980,37.35,7.74
Spain,ESP,1985,36.75,7.59
Spain,ESP,1990,46.2,10.88
Spain,ESP,1995,60.9,11.22
Spain,ESP,2000,73,15.6
Spain,ESP,2003,66.4,14.94
Spain,ESP,2004,68.45,14.58
Spain,ESP,2005,70,15.14
Spain,ESP,2006,71.1,14.64
Spain,ESP,2007,85.1,17.46
Spain,ESP,2008,86.4,17.38
Spain,ESP,2009,88.1,16.78
Spain,ESP,2010,83.25,15.9
Spain,ESP,2011,80.9,14.46
Spain,ESP,2012,77.1,14.02
Spain,ESP,2013,76.1,12.48
Spain,ESP,2014,75.4,12.36
Spain,ESP,2015,77.8,13.06
Spain,ESP,2016,81,13.48
Spain,ESP,2017,80.5,15.14
Spain,ESP,2018,80.7,15.08
Spain,ESP,2019,83.75,15.54
Sri Lanka,LKA,1985,7.45,1.84
Sri Lanka,LKA,1990,7.57,2.07
Sri Lanka,LKA,1995,8.88,2.05
Sri Lanka,LKA,2002,10.68,2.09
Sri Lanka,LKA,2006,12.4,2.5
Sri Lanka,LKA,2009,12,2.79
Sri Lanka,LKA,2012,13.94,2.94
Sri Lanka,LKA,2016,16.06,3.32
Sub-Saharan Africa,,1990,7,0.68
Sub-Saharan Africa,,1991,6.81,0.65
Sub-Saharan Africa,,1992,6.56,0.63
Sub-Saharan Africa,,1993,6.19,0.62
Sub-Saharan Africa,,1994,6.11,0.61
Sub-Saharan Africa,,1995,6.21,0.62
Sub-Saharan Africa,,1996,6.38,0.63
Sub-Saharan Africa,,1997,6.37,0.63
Sub-Saharan Africa,,1998,6.29,0.65
Sub-Saharan Africa,,1999,6.19,0.65
Sub-Saharan Africa,,2000,6.15,0.64
Sub-Saharan Africa,,2001,6.16,0.65
Sub-Saharan Africa,,2002,6.21,0.68
Sub-Saharan Africa,,2003,6.15,0.71
Sub-Saharan Africa,,2004,6.32,0.74
Sub-Saharan Africa,,2005,6.47,0.77
Sub-Saharan Africa,,2006,6.68,0.81
Sub-Saharan Africa,,2007,6.85,0.85
Sub-Saharan Africa,,2008,7.02,0.9
Sub-Saharan Africa,,2009,7.05,0.9
Sub-Saharan Africa,,2010,7.27,0.95
Sub-Saharan Africa,,2011,7.36,0.98
Sub-Saharan Africa,,2012,7.42,0.99
Sub-Saharan Africa,,2013,7.55,1.01
Sub-Saharan Africa,,2014,7.71,1.04
Sub-Saharan Africa,,2015,7.71,1.05
Sub-Saharan Africa,,2016,7.74,1.05
Sub-Saharan Africa,,2017,7.84,1.06
Sub-Saharan Africa,,2018,7.96,1.08
Sub-Saharan Africa,,2019,8.05,1.09
Sudan,SDN,2009,8.47,1.67
Sudan,SDN,2014,7.79,1.85
Suriname - urban,,1999,28.92,0.01
Sweden,SWE,1967,32.75,4.86
Sweden,SWE,1975,44.95,14.92
Sweden,SWE,1981,46.1,15.54
Sweden,SWE,1987,48.7,17.44
Sweden,SWE,1992,59.1,19.58
Sweden,SWE,1995,55.35,17.98
Sweden,SWE,2000,64.95,19.96
Sweden,SWE,2003,63.9,20.16
Sweden,SWE,2004,65.65,20.66
Sweden,SWE,2005,66.75,20.02
Sweden,SWE,2006,70.35,21.74
Sweden,SWE,2007,75.1,22.44
Sweden,SWE,2008,77.4,22.24
Sweden,SWE,2009,78.8,22.28
Sweden,SWE,2010,80.95,22.88
Sweden,SWE,2011,81.3,22.54
Sweden,SWE,2012,83.3,22.94
Sweden,SWE,2013,85.85,22.76
Sweden,SWE,2014,88,24.08
Sweden,SWE,2015,90.45,24.36
Sweden,SWE,2016,91.3,24.1
Sweden,SWE,2017,91.25,24.34
Sweden,SWE,2018,92.9,23.6
Sweden,SWE,2019,95.2,24.94
Switzerland,CHE,1982,124.3,29.42
Switzerland,CHE,1992,117.4,28.56
Switzerland,CHE,2000,118.8,28.52
Switzerland,CHE,2002,125.5,30.1
Switzerland,CHE,2006,126.5,28.64
Switzerland,CHE,2007,128.6,28.8
Switzerland,CHE,2008,127.4,29.48
Switzerland,CHE,2009,126.7,30.5
Switzerland,CHE,2010,125.8,30.35
Switzerland,CHE,2011,129.5,31.25
Switzerland,CHE,2012,129.1,32.65
Switzerland,CHE,2013,131.2,31.85
Switzerland,CHE,2014,132.9,31.6
Switzerland,CHE,2015,132.6,31.5
Switzerland,CHE,2016,135.5,31.6
Switzerland,CHE,2017,136.3,32
Switzerland,CHE,2018,131.3,31.05
Syria,SYR,1996,12.88,2.99
Syria,SYR,2003,16.98,3.47
Taiwan,TWN,1981,28.34,7.58
Taiwan,TWN,1986,37.15,10.28
Taiwan,TWN,1991,62.05,16.82
Taiwan,TWN,1995,74.05,18.48
Taiwan,TWN,1997,78.15,19.94
Taiwan,TWN,2000,82.05,21.06
Taiwan,TWN,2005,83.85,20.6
Taiwan,TWN,2007,80.8,19.38
Taiwan,TWN,2010,74.75,16.96
Taiwan,TWN,2013,75,17.9
Taiwan,TWN,2016,79.3,20
Tajikistan,TJK,1999,3.61,0.93
Tajikistan,TJK,2003,5.5,1.29
Tajikistan,TJK,2004,7.64,1.68
Tajikistan,TJK,2007,7.89,1.94
Tajikistan,TJK,2009,9.61,2.44
Tajikistan,TJK,2015,11.48,2.55
Tanzania,TZA,1991,3.71,0.72
Tanzania,TZA,2000,2.66,0.49
Tanzania,TZA,2007,4.86,0.88
Tanzania,TZA,2011,5.62,1.19
Tanzania,TZA,2018,5.99,1.17
Thailand,THA,1981,11.06,1.48
Thailand,THA,1988,11.18,1.76
Thailand,THA,1990,12.98,2.01
Thailand,THA,1992,16.04,2.22
Thailand,THA,1994,15.74,2.65
Thailand,THA,1996,17.36,2.92
Thailand,THA,1998,17.86,2.99
Thailand,THA,1999,17.1,2.7
Thailand,THA,2000,16.72,2.72
Thailand,THA,2002,18.32,3.15
Thailand,THA,2004,20.52,3.45
Thailand,THA,2006,23.74,3.81
Thailand,THA,2007,23.26,4.06
Thailand,THA,2008,24.8,4.24
Thailand,THA,2009,25.22,4.49
Thailand,THA,2010,26.14,4.69
Thailand,THA,2011,25.46,5.19
Thailand,THA,2012,28.44,5.17
Thailand,THA,2013,28.54,5.47
Thailand,THA,2014,28.44,5.61
Thailand,THA,2015,29.04,6.18
Thailand,THA,2016,29.62,5.97
Thailand,THA,2017,29.88,6.09
Thailand,THA,2018,29.88,5.93
Thailand,THA,2019,29.18,6.34
Thailand,THA,2020,29.98,6.35
Timor,TLS,2001,7.8,1.62
Timor,TLS,2007,6.33,1.84
Timor,TLS,2014,7.64,2.25
Togo,TGO,2006,5.13,0.8
Togo,TGO,2011,5.53,0.66
Togo,TGO,2015,5.51,0.7
Togo,TGO,2018,8.86,1.36
Tonga,TON,2000,21.14,3.82
Tonga,TON,2009,19.88,3.69
Tonga,TON,2015,21.14,3.85
Trinidad and Tobago,TTO,1988,38.05,4.61
Trinidad and Tobago,TTO,1992,25.44,3.74
Tunisia,TUN,1985,13.08,1.99
Tunisia,TUN,1990,13.8,2.28
Tunisia,TUN,1995,14.88,2.19
Tunisia,TUN,2000,17.12,2.75
Tunisia,TUN,2005,18.5,3.33
Tunisia,TUN,2010,21.6,4.06
Tunisia,TUN,2015,24.3,5.59
Turkey,TUR,1987,18.9,3.29
Turkey,TUR,1994,19.78,3.14
Turkey,TUR,2002,21.78,3.38
Turkey,TUR,2003,20.82,3.06
Turkey,TUR,2004,25.7,3.68
Turkey,TUR,2005,26.74,3.73
Turkey,TUR,2006,26.92,4.06
Turkey,TUR,2007,28.74,4.38
Turkey,TUR,2008,31,4.84
Turkey,TUR,2009,31.6,5.01
Turkey,TUR,2010,31.25,5.1
Turkey,TUR,2011,35.55,5.5
Turkey,TUR,2012,37.1,5.72
Turkey,TUR,2013,37.85,6.01
Turkey,TUR,2014,40.15,6.24
Turkey,TUR,2015,39.35,6.02
Turkey,TUR,2016,42.75,6.42
Turkey,TUR,2017,42.5,6.58
Turkey,TUR,2018,43.85,6.6
Turkey,TUR,2019,43.75,6.14
Turkmenistan,TKM,1998,6.42,1.05
Tuvalu,TUV,2010,15.38,2.82
Uganda,UGA,1989,4.97,0.63
Uganda,UGA,1992,3.95,0.74
Uganda,UGA,1996,4.12,0.8
Uganda,UGA,1999,3.97,0.69
Uganda,UGA,2002,4.5,0.75
Uganda,UGA,2005,5.11,0.85
Uganda,UGA,2009,6.37,1.04
Uganda,UGA,2012,7.08,1.21
Uganda,UGA,2016,6.87,1.13
Uganda,UGA,2019,6.42,1.11
Ukraine,UKR,1992,12.04,2.99
Ukraine,UKR,1993,11.96,3.33
Ukraine,UKR,1995,13.72,2.44
Ukraine,UKR,1996,11.06,2.37
Ukraine,UKR,1999,7.35,2.06
Ukraine,UKR,2002,11.48,3.15
Ukraine,UKR,2003,12.82,3.59
Ukraine,UKR,2004,14.22,3.91
Ukraine,UKR,2005,17.18,4.63
Ukraine,UKR,2006,18.34,4.97
Ukraine,UKR,2007,17.04,5.1
Ukraine,UKR,2008,19.38,5.98
Ukraine,UKR,2009,17.74,5.7
Ukraine,UKR,2010,18.76,6.24
Ukraine,UKR,2011,19.12,6.5
Ukraine,UKR,2012,20.26,6.73
Ukraine,UKR,2013,21.06,7.18
Ukraine,UKR,2014,20.24,7.03
Ukraine,UKR,2015,18.48,6.11
Ukraine,UKR,2016,18.42,6.26
Ukraine,UKR,2017,20.74,6.69
Ukraine,UKR,2018,21.72,7
Ukraine,UKR,2019,24.3,7.56
Ukraine,UKR,2020,22.88,7.42
United Arab Emirates,ARE,2013,135.4,22.64
United Kingdom,GBR,1969,32.45,7.26
United Kingdom,GBR,1974,42.35,11.3
United Kingdom,GBR,1979,44,12.4
United Kingdom,GBR,1986,49.45,11.58
United Kingdom,GBR,1991,63.05,12.26
United Kingdom,GBR,1994,68.6,14.04
United Kingdom,GBR,1995,69.8,14.32
United Kingdom,GBR,1996,71.6,14.66
United Kingdom,GBR,1997,73.85,15.22
United Kingdom,GBR,1998,77.35,15.7
United Kingdom,GBR,1999,79,15.94
United Kingdom,GBR,2000,85.25,17.5
United Kingdom,GBR,2001,89.6,18.16
United Kingdom,GBR,2002,86.85,18.44
United Kingdom,GBR,2003,88.85,18.96
United Kingdom,GBR,2004,86.65,17.4
United Kingdom,GBR,2005,85.1,17.72
United Kingdom,GBR,2006,90.95,19.28
United Kingdom,GBR,2007,94.2,19.72
United Kingdom,GBR,2008,88.5,19.16
United Kingdom,GBR,2009,87.25,19.08
United Kingdom,GBR,2010,86,19.4
United Kingdom,GBR,2011,85.55,19.2
United Kingdom,GBR,2012,84.35,19.46
United Kingdom,GBR,2013,84.85,19.04
United Kingdom,GBR,2014,88.05,19.16
United Kingdom,GBR,2015,87.35,20.12
United Kingdom,GBR,2016,95.65,20.48
United Kingdom,GBR,2017,96.8,20.04
United States,USA,1974,89.35,16.4
United States,USA,1979,97.25,18.34
United States,USA,1986,106.9,16.6
United States,USA,1991,109.9,17.02
United States,USA,1992,111,16.62
United States,USA,1993,111.5,16.26
United States,USA,1994,112.8,17.2
United States,USA,1995,114.1,17.98
United States,USA,1996,115.6,17.86
United States,USA,1997,118.7,18.76
United States,USA,1998,122,19
United States,USA,1999,124.1,19.56
United States,USA,2000,125,20.16
United States,USA,2001,124,19.76
United States,USA,2002,126.9,19.52
United States,USA,2003,130.9,19.48
United States,USA,2004,126.9,19.86
United States,USA,2005,130.1,20.06
United States,USA,2006,132.5,19.98
United States,USA,2007,133.8,19.8
United States,USA,2008,128.7,19.28
United States,USA,2009,130.1,20.48
United States,USA,2010,130.8,19.68
United States,USA,2011,132.6,19.64
United States,USA,2012,132.4,19.8
United States,USA,2013,131.6,20.16
United States,USA,2014,136,19.98
United States,USA,2015,138.9,20.88
United States,USA,2016,143.9,21.62
United States,USA,2017,147.2,21.42
United States,USA,2018,153.3,22.72
United States,USA,2019,164.7,23.84
Uruguay,URY,2006,38.65,4.76
Uruguay,URY,2007,42,5.06
Uruguay,URY,2008,45.7,5.84
Uruguay,URY,2009,48.85,5.99
Uruguay,URY,2010,49,6.33
Uruguay,URY,2011,51.8,7.3
Uruguay,URY,2012,51.8,7.65
Uruguay,URY,2013,53.05,7.83
Uruguay,URY,2014,55.75,8.29
Uruguay,URY,2015,56.4,8.42
Uruguay,URY,2016,55,8.5
Uruguay,URY,2017,56.8,9.07
Uruguay,URY,2018,56.2,8.85
Uruguay,URY,2019,55.25,8.64
Uruguay,URY,2020,51.65,7.78
Uruguay - urban,,1981,39,5.11
Uruguay - urban,,1989,41.05,5.95
Uruguay - urban,,1992,43.9,6.5
Uruguay - urban,,1995,45.15,6.58
Uruguay - urban,,1996,44.15,6.41
Uruguay - urban,,1997,44.25,6.35
Uruguay - urban,,1998,48,6.35
Uruguay - urban,,2000,46.5,6.12
Uruguay - urban,,2001,47.95,5.83
Uruguay - urban,,2002,42.75,5.16
Uruguay - urban,,2003,35.35,4.61
Uruguay - urban,,2004,35.8,4.3
Uruguay - urban,,2005,37,4.51
Uzbekistan,UZB,1998,4.7,0.53
Uzbekistan,UZB,2000,2.73,0.59
Uzbekistan,UZB,2002,2.84,0.7
Uzbekistan,UZB,2003,2.8,0.61
Vanuatu,VUT,2010,9.59,1.86
Vanuatu,VUT,2019,9.36,2.15
Venezuela,VEN,1981,34.85,2.55
Venezuela,VEN,1987,32.4,2.46
Venezuela,VEN,1989,25.5,3.19
Venezuela,VEN,1992,23.42,3.39
Venezuela,VEN,1995,19.5,2.16
Venezuela,VEN,1998,21.1,2.11
Venezuela,VEN,1999,18.92,1.92
Venezuela,VEN,2001,20,2.12
Venezuela,VEN,2002,16.72,1.45
Venezuela,VEN,2003,14.14,1.25
Venezuela,VEN,2004,15.86,1.44
Venezuela,VEN,2005,19.08,1.35
Venezuela,VEN,2006,23.08,2.76
Vietnam,VNM,1992,5.56,1.23
Vietnam,VNM,1997,7.19,1.63
Vietnam,VNM,2002,7.28,1.49
Vietnam,VNM,2004,8.52,1.68
Vietnam,VNM,2006,9.2,1.87
Vietnam,VNM,2008,9.94,2.07
Vietnam,VNM,2010,17.72,3.22
Vietnam,VNM,2012,17.84,3.63
Vietnam,VNM,2014,18.58,3.83
Vietnam,VNM,2016,21.58,4.38
Vietnam,VNM,2018,24.3,4.72
World,OWID_WRL,1990,33.9,1.05
World,OWID_WRL,1991,33.7,1.06
World,OWID_WRL,1992,33.4,1.07
World,OWID_WRL,1993,33.05,1.09
World,OWID_WRL,1994,33.55,1.13
World,OWID_WRL,1995,34.05,1.18
World,OWID_WRL,1996,34.35,1.21
World,OWID_WRL,1997,34.6,1.21
World,OWID_WRL,1998,35.05,1.19
World,OWID_WRL,1999,35.25,1.23
World,OWID_WRL,2000,36.05,1.26
World,OWID_WRL,2001,36.55,1.28
World,OWID_WRL,2002,36.85,1.32
World,OWID_WRL,2003,37.25,1.37
World,OWID_WRL,2004,37.85,1.44
World,OWID_WRL,2005,38.4,1.52
World,OWID_WRL,2006,39.2,1.55
World,OWID_WRL,2007,40.7,1.59
World,OWID_WRL,2008,40.55,1.63
World,OWID_WRL,2009,40.85,1.67
World,OWID_WRL,2010,41.25,1.74
World,OWID_WRL,2011,41.15,1.85
World,OWID_WRL,2012,41.25,1.91
World,OWID_WRL,2013,41.45,2.02
World,OWID_WRL,2014,41.5,2.05
World,OWID_WRL,2015,42.1,2.08
World,OWID_WRL,2016,43.05,2.11
World,OWID_WRL,2017,43.55,2.19
World,OWID_WRL,2018,44.45,2.27
World,OWID_WRL,2019,45.45,2.33
Yemen,YEM,1998,11.32,2.3
Yemen,YEM,2005,8.84,2.11
Yemen,YEM,2014,8.23,1.68
Zambia,ZMB,1991,7.33,0.14
Zambia,ZMB,1993,6.11,0.42
Zambia,ZMB,1996,7.28,0.84
Zambia,ZMB,1998,7.1,0.82
Zambia,ZMB,2002,4.94,0.86
Zambia,ZMB,2004,6,0.53
Zambia,ZMB,2006,5.63,0.49
Zambia,ZMB,2010,5.34,0.51
Zambia,ZMB,2015,6.43,0.46
Zimbabwe,ZWE,2011,10.54,1.57
Zimbabwe,ZWE,2017,8.81,1.34
Zimbabwe,ZWE,2019,9.01,1.1